congress,chamber,icpsr,state_icpsr,district_code,state_abbrev,party_code,occupancy,last_means,bioname,bioguide_id,born,died,nominate_dim1,nominate_dim2,nominate_log_likelihood,nominate_geo_mean_probability,nominate_number_of_votes,nominate_number_of_errors,conditional,nokken_poole_dim1,nokken_poole_dim2
118,House,20301,41,3,AL,200,,,"ROGERS, Mike Dennis",R000575,1958.0,,0.379,0.377,-161.65293,0.86014,1073,79,,0.44,0.311
118,House,21102,41,7,AL,100,,,"SEWELL, Terri",S001185,1965.0,,-0.402,0.395,-52.98091,0.94991,1031,19,,-0.52,0.353
118,House,21500,41,6,AL,200,,,"PALMER, Gary James",P000609,1954.0,,0.678,0.112,-89.77584,0.92024,1080,42,,0.671,0.131
118,House,22108,41,1,AL,200,,,"CARL, Jerry L.",C001054,1958.0,,0.549,0.237,-125.09044,0.89205,1095,57,,0.593,0.231
118,House,22140,41,2,AL,200,,,"MOORE, Barry",M001212,1966.0,,0.64,-0.247,-103.16234,0.90985,1092,44,,0.708,-0.295
118,House,22366,41,5,AL,200,,,"STRONG, Dale",S001220,1970.0,,0.618,0.358,-109.15165,0.90455,1088,42,,0.618,0.359
118,House,29701,41,4,AL,200,,,"ADERHOLT, Robert",A000055,1965.0,,0.405,0.467,-173.83714,0.85069,1075,85,,0.463,0.272
118,House,22168,81,1,AK,100,,,"PELTOLA, Mary Sattler",P000619,1973.0,,-0.138,0.378,-193.23242,0.80365,884,91,,-0.136,0.376
118,House,21995,93,0,AS,200,,,"RADEWAGEN, Aumua Amata Coleman",R000600,1947.0,,0.325,0.186,-72.83715,0.70217,206,36,,0.305,0.116
118,House,20305,61,7,AZ,100,,,"GRIJALVA, Raúl M.",G000551,1948.0,,-0.598,-0.264,-34.94764,0.95089,694,15,,-0.573,-0.39
118,House,21103,61,9,AZ,200,,,"GOSAR, Paul",G000565,1958.0,,0.702,-0.513,-83.43902,0.92189,1026,31,,0.768,-0.641
118,House,21105,61,1,AZ,200,,,"SCHWEIKERT, David",S001183,1962.0,,0.555,-0.227,-278.03918,0.77449,1088,103,,0.48,-0.16
118,House,21502,61,3,AZ,100,,,"GALLEGO, Ruben",G000574,1979.0,,-0.397,0.158,-140.91251,0.8577,918,59,,-0.302,0.401
118,House,21705,61,5,AZ,200,,,"BIGGS, Andrew S.",B001302,1958.0,,0.82,-0.572,-119.09867,0.8964,1089,53,,0.718,-0.696
118,House,21757,61,8,AZ,200,,,"LESKO, Debbie",L000589,1958.0,,0.616,-0.096,-104.91312,0.90059,1002,42,,0.637,-0.075
118,House,21968,61,4,AZ,100,,,"STANTON, Greg",S001211,1970.0,,-0.281,0.266,-72.6748,0.93527,1086,28,,-0.293,0.405
118,House,22309,61,6,AZ,200,,,"CISCOMANI, Juan",C001133,1982.0,,0.289,0.718,-61.35725,0.94442,1073,25,,0.289,0.718
118,House,22311,61,2,AZ,200,,,"CRANE, Eli",C001132,1980.0,,0.739,-0.673,-97.25242,0.91457,1089,44,,0.738,-0.674
118,House,21106,42,1,AR,200,,,"CRAWFORD, Rick",C001087,1966.0,,0.46,0.308,-163.59414,0.85968,1082,67,,0.472,0.189
118,House,21108,42,3,AR,200,,,"WOMACK, Steve",W000809,1957.0,,0.348,0.636,-70.97176,0.93746,1099,24,,0.371,0.929
118,House,21503,42,2,AR,200,,,"HILL, French",H001072,1956.0,,0.437,0.27,-159.82245,0.8635,1089,71,,0.443,0.289
118,House,21563,42,4,AR,200,,,"WESTERMAN, Bruce Eugene",W000821,1967.0,,0.546,0.251,-115.07148,0.90007,1093,57,,0.512,0.097
118,House,15448,71,11,CA,100,,,"PELOSI, Nancy",P000197,1940.0,,-0.49,-0.181,-44.76566,0.9566,1009,18,,-0.558,0.253
118,House,20104,71,30,CA,100,,,"SCHIFF, Adam",S001150,1960.0,,-0.35,-0.121,-49.71152,0.9544,1065,22,,-0.367,0.021
118,House,20107,71,48,CA,200,,,"ISSA, Darrell",I000056,1953.0,,0.478,0.02,-158.75147,0.86164,1066,75,,0.432,0.078
118,House,20310,71,38,CA,100,,,"SÁNCHEZ, Linda T.",S001156,1969.0,,-0.508,-0.13,-43.66318,0.96016,1074,20,,-0.531,-0.066
118,House,20501,71,21,CA,100,,,"COSTA, Jim",C001059,1952.0,,-0.197,0.449,-144.15182,0.8701,1036,61,,-0.304,0.563
118,House,20538,71,7,CA,100,,,"MATSUI, Doris",M001163,1944.0,,-0.434,-0.142,-40.51959,0.96277,1068,15,,-0.419,-0.052
118,House,20703,71,20,CA,200,,,"MCCARTHY, Kevin",M001165,1965.0,,0.453,0.233,-71.46574,0.82262,366,36,,0.381,0.07
118,House,20903,71,5,CA,200,,,"McCLINTOCK, Tom",M001177,1956.0,,0.674,-0.375,-312.41092,0.74881,1080,108,,0.516,-0.397
118,House,20955,71,28,CA,100,,,"CHU, Judy",C001080,1953.0,,-0.483,-0.373,-43.95721,0.96008,1079,17,,-0.41,-0.43
118,House,20958,71,8,CA,100,,,"GARAMENDI, John",G000559,1945.0,,-0.312,-0.094,-90.504,0.91118,973,32,,-0.356,-0.031
118,House,21302,71,1,CA,200,,,"LaMALFA, Doug",L000578,1960.0,,0.541,0.007,-119.32224,0.88888,1013,54,,0.587,-0.009
118,House,21303,71,2,CA,100,,,"HUFFMAN, Jared",H001068,1964.0,,-0.43,-0.512,-69.51846,0.93664,1062,28,,-0.441,-0.452
118,House,21304,71,6,CA,100,,,"BERA, Ami",B001287,1965.0,,-0.245,0.015,-74.80768,0.93379,1092,32,,-0.374,0.173
118,House,21306,71,14,CA,100,,,"SWALWELL, Eric",S001193,1980.0,,-0.357,-0.046,-70.17829,0.93203,997,33,,-0.349,0.202
118,House,21307,71,22,CA,200,,,"VALADAO, David G.",V000129,1977.0,,0.258,0.438,-70.00699,0.93707,1077,24,,0.264,0.653
118,House,21308,71,26,CA,100,,,"BROWNLEY, Julia",B001285,1952.0,,-0.3,0.054,-47.76132,0.95638,1071,15,,-0.458,0.185
118,House,21309,71,29,CA,100,,,"CÁRDENAS, Tony",C001097,1963.0,,-0.39,-0.045,-73.35335,0.9332,1061,37,,-0.474,-0.224
118,House,21311,71,25,CA,100,,,"RUIZ, Raul",R000599,1972.0,,-0.256,0.044,-72.31407,0.9357,1088,32,,-0.382,0.069
118,House,21312,71,39,CA,100,,,"TAKANO, Mark",T000472,1960.0,,-0.46,-0.327,-57.46055,0.94856,1088,23,,-0.428,-0.492
118,House,21314,71,52,CA,100,,,"VARGAS, Juan",V000130,1961.0,,-0.395,0.022,-84.36747,0.92545,1089,39,,-0.335,-0.277
118,House,21315,71,50,CA,100,,,"PETERS, Scott",P000608,1958.0,,-0.191,-0.032,-89.31697,0.92084,1083,40,,-0.283,0.035
118,House,21504,71,10,CA,100,,,"DESAULNIER, Mark James",D000623,1952.0,,-0.512,-0.363,-50.59762,0.95402,1075,25,,-0.423,-0.413
118,House,21506,71,33,CA,100,,,"AGUILAR, Peter Rey",A000371,1979.0,,-0.318,0.137,-60.06558,0.94638,1090,23,,-0.52,0.31
118,House,21507,71,36,CA,100,,,"LIEU, Ted",L000582,1969.0,,-0.372,-0.216,-64.68013,0.94086,1061,27,,-0.366,-0.135
118,House,21508,71,35,CA,100,,,"TORRES, Norma Judith",T000474,1965.0,,-0.369,0.068,-60.3352,0.94615,1090,20,,-0.404,0.181
118,House,21703,71,44,CA,100,,,"BARRAGÁN, Nanette Diaz",B001300,1976.0,,-0.5,-0.118,-55.92623,0.94926,1074,26,,-0.439,-0.302
118,House,21709,71,24,CA,100,,,"CARBAJAL, Salud",C001112,1964.0,,-0.321,0.103,-46.79966,0.95809,1093,11,,-0.425,0.218
118,House,21711,71,46,CA,100,,,"CORREA, Jose Luis",C001110,1958.0,,-0.281,0.151,-129.52058,0.88457,1056,55,,-0.292,-0.043
118,House,21728,71,17,CA,100,,,"KHANNA, Rohit",K000389,1976.0,,-0.474,-0.301,-72.17804,0.93581,1088,30,,-0.324,-0.409
118,House,21740,71,19,CA,100,,,"PANETTA, James Varni",P000613,1969.0,,-0.289,0.176,-101.82368,0.91113,1094,43,,-0.278,0.318
118,House,21754,71,34,CA,100,,,"GOMEZ, Jimmy",G000585,1974.0,,-0.539,-0.271,-62.97997,0.94205,1055,29,,-0.456,-0.374
118,House,21930,71,9,CA,100,,,"HARDER, Josh",H001090,1986.0,,-0.327,0.544,-88.23478,0.92049,1065,34,,-0.289,0.438
118,House,21939,71,49,CA,100,,,"LEVIN, Mike",L000593,1978.0,,-0.328,0.168,-84.05254,0.92631,1098,38,,-0.304,0.14
118,House,21954,71,47,CA,100,,,"PORTER, Katie",P000618,1974.0,,-0.236,-0.331,-73.97377,0.9273,980,28,,-0.372,-0.404
118,House,21988,71,27,CA,200,,,"GARCIA, Mike",G000061,1976.0,,0.356,0.096,-181.86404,0.84436,1075,72,,0.344,0.078
118,House,22126,71,51,CA,100,,,"JACOBS, Sara",J000305,1989.0,,-0.394,-0.438,-45.16194,0.9586,1068,19,,-0.426,-0.435
118,House,22129,71,40,CA,200,,,"KIM, Young",K000397,1962.0,,0.254,0.372,-99.08398,0.91265,1084,39,,0.246,0.429
118,House,22145,71,23,CA,200,,,"OBERNOLTE, Jay",O000019,1970.0,,0.316,0.282,-152.20029,0.86945,1088,45,,0.316,0.296
118,House,22152,71,45,CA,200,,,"STEEL, Michelle",S001135,1955.0,,0.37,0.274,-156.66487,0.86646,1093,56,,0.374,0.27
118,House,22317,71,13,CA,200,,,"DUARTE, John",D000633,1966.0,,0.334,-0.001,-209.34021,0.82482,1087,72,,0.335,-0.0
118,House,22323,71,42,CA,100,,,"GARCIA, Robert",G000598,1977.0,,-0.379,-0.621,-55.84056,0.94797,1045,19,,-0.376,-0.619
118,House,22333,71,37,CA,100,,,"KAMLAGER-DOVE, Sydney",K000400,1972.0,,-0.55,-0.48,-51.33984,0.95272,1060,25,,-0.545,-0.479
118,House,22336,71,3,CA,200,,,"KILEY, Kevin",K000401,1985.0,,0.254,0.441,-87.55757,0.92288,1091,31,,0.254,0.44
118,House,22354,71,15,CA,100,,,"MULLIN, Kevin",M001225,1970.0,,-0.476,-0.026,-42.89978,0.95963,1041,16,,-0.476,-0.026
118,House,22378,71,20,CA,200,,,"FONG, Vince",F000480,1979.0,,0.466,0.864,-17.75,0.92755,236,9,,0.467,0.865
118,House,29106,71,43,CA,100,,,"WATERS, Maxine",W000187,1938.0,,-0.656,-0.095,-73.93618,0.93269,1061,34,,-0.483,-0.454
118,House,29312,71,16,CA,100,,,"ESHOO, Anna Georges",E000215,1942.0,,-0.379,-0.373,-81.66927,0.92768,1088,35,,-0.402,0.077
118,House,29323,71,41,CA,200,,,"CALVERT, Ken",C000059,1953.0,,0.339,0.276,-95.1772,0.91682,1096,27,,0.344,0.742
118,House,29504,71,18,CA,100,,,"LOFGREN, Zoe",L000397,1947.0,,-0.398,-0.408,-87.69251,0.92038,1057,33,,-0.307,-0.292
118,House,29707,71,32,CA,100,,,"SHERMAN, Brad",S000344,1954.0,,-0.343,-0.136,-67.63977,0.93956,1085,28,,-0.394,-0.009
118,House,29778,71,12,CA,100,,,"LEE, Barbara",L000551,1946.0,,-0.676,-0.582,-46.80355,0.95649,1052,20,,-0.502,-0.671
118,House,29901,71,4,CA,100,,,"THOMPSON, Michael",T000460,1951.0,,-0.393,0.069,-61.69048,0.94527,1096,24,,-0.374,0.11
118,House,29903,71,31,CA,100,,,"NAPOLITANO, Grace Flores",N000179,1936.0,,-0.448,-0.247,-36.91007,0.96539,1048,14,,-0.453,-0.248
118,House,20704,62,5,CO,200,,,"LAMBORN, Doug",L000564,1954.0,,0.665,0.258,-107.39634,0.90492,1075,49,,0.687,0.414
118,House,21510,62,4,CO,200,,,"BUCK, Kenneth Robert",B001297,1959.0,,0.655,-0.432,-370.28315,0.58697,695,104,,0.413,-0.458
118,House,21912,62,6,CO,100,,,"CROW, Jason",C001121,1979.0,,-0.336,0.19,-54.35205,0.94983,1056,19,,-0.44,0.104
118,House,21948,62,2,CO,100,,,"NEGUSE, Joseph",N000191,1984.0,,-0.422,-0.108,-35.35245,0.96832,1098,16,,-0.459,0.074
118,House,22103,62,3,CO,200,,,"BOEBERT, Lauren",B000825,1986.0,,0.732,-0.5,-120.38682,0.89099,1043,57,,0.659,-0.488
118,House,22306,62,8,CO,100,,,"CARAVEO, Yadira",C001134,1980.0,,-0.259,0.634,-109.53488,0.90287,1072,44,,-0.259,0.634
118,House,22359,62,7,CO,100,,,"PETTERSEN, Brittany",P000620,1981.0,,-0.358,0.345,-54.75473,0.95109,1092,22,,-0.358,0.345
118,House,22380,62,4,CO,200,,,"LOPEZ, Greg",L000604,,,0.878,0.478,-15.58536,0.89247,137,6,,0.88,0.476
118,House,29710,62,1,CO,100,,,"DeGETTE, Diana",D000197,1957.0,,-0.431,-0.307,-41.04866,0.96297,1088,15,,-0.409,-0.327
118,House,20706,1,2,CT,100,,,"COURTNEY, Joe",C001069,1953.0,,-0.339,0.04,-71.15273,0.93681,1090,30,,-0.319,0.212
118,House,20907,1,4,CT,100,,,"HIMES, James A.",H001047,1966.0,,-0.242,-0.209,-96.28856,0.91515,1086,48,,-0.261,-0.024
118,House,21931,1,5,CT,100,,,"HAYES, Jahana",H001081,1973.0,,-0.317,-0.065,-74.33112,0.93425,1093,34,,-0.303,-0.017
118,House,29109,1,3,CT,100,,,"DeLAURO, Rosa L.",D000216,1943.0,,-0.415,-0.108,-57.89613,0.94794,1083,21,,-0.44,0.055
118,House,29908,1,1,CT,100,,,"LARSON, John B.",L000557,1948.0,,-0.397,-0.038,-64.2525,0.9414,1064,23,,-0.423,0.125
118,House,21706,11,1,DE,100,,,"BLUNT ROCHESTER, Lisa",B001303,1962.0,,-0.356,-0.106,-49.12602,0.95504,1068,15,,-0.425,-0.002
118,House,21993,55,0,DC,100,,,"NORTON, Eleanor Holmes",N000147,1937.0,,-0.491,-0.114,-19.2218,0.96451,532,8,,-0.434,-0.257
118,House,20316,43,26,FL,200,,,"DIAZ-BALART, Mario",D000600,1961.0,,0.281,0.157,-119.16483,0.89035,1026,47,,0.311,0.392
118,House,20504,43,25,FL,100,,,"WASSERMAN SCHULTZ, Debbie",W000797,1966.0,,-0.415,0.1,-75.1083,0.93335,1089,31,,-0.376,0.243
118,House,20708,43,14,FL,100,,,"CASTOR, Kathy",C001066,1966.0,,-0.438,0.066,-44.13468,0.96007,1083,16,,-0.437,0.176
118,House,20709,43,16,FL,200,,,"BUCHANAN, Vernon G.",B001260,1951.0,,0.362,-0.086,-160.66356,0.85849,1053,78,,0.408,0.1
118,House,20758,43,12,FL,200,,,"BILIRAKIS, Gus",B001257,1963.0,,0.423,-0.033,-154.74458,0.86212,1043,77,,0.497,-0.04
118,House,20909,43,8,FL,200,,,"POSEY, Bill",P000599,1947.0,,0.533,-0.354,-125.10109,0.88995,1073,47,,0.598,-0.356
118,House,21116,43,11,FL,200,,,"WEBSTER, Daniel A.",W000806,1949.0,,0.522,-0.076,-137.60977,0.87911,1068,61,,0.501,-0.059
118,House,21118,43,24,FL,100,,,"WILSON, Frederica",W000808,1942.0,,-0.477,-0.007,-43.9942,0.95543,965,13,,-0.467,0.02
118,House,21321,43,22,FL,100,,,"FRANKEL, Lois",F000462,1948.0,,-0.396,-0.032,-66.14982,0.93894,1050,25,,-0.395,0.175
118,House,21714,43,2,FL,200,,,"DUNN, Neal Patrick",D000628,1953.0,,0.507,0.336,-132.80486,0.88266,1064,60,,0.501,0.312
118,House,21719,43,1,FL,200,,,"GAETZ, Matthew L. II",G000578,1982.0,,0.593,-0.643,-166.23062,0.845,987,75,,0.542,-0.696
118,House,21735,43,21,FL,200,,,"MAST, Brian Jeffery",M001199,1980.0,,0.462,-0.35,-169.04246,0.85298,1063,72,,0.478,-0.246
118,House,21744,43,5,FL,200,,,"RUTHERFORD, John Henry",R000609,1952.0,,0.431,0.073,-167.613,0.85722,1088,72,,0.439,0.138
118,House,21746,43,9,FL,100,,,"SOTO, Darren Michael",S001200,1978.0,,-0.349,0.19,-74.47424,0.93425,1095,34,,-0.294,0.184
118,House,21971,43,17,FL,200,,,"STEUBE, William",S001214,1978.0,,0.692,-0.328,-85.5136,0.91709,988,34,,0.748,-0.389
118,House,21981,43,6,FL,200,,,"WALTZ, Michael",W000823,1974.0,,0.452,-0.114,-127.83452,0.88067,1006,67,,0.596,0.039
118,House,22107,43,3,FL,200,,,"CAMMACK, Kat",C001039,1988.0,,0.59,-0.228,-99.51078,0.90974,1052,39,,0.587,-0.26
118,House,22111,43,19,FL,200,,,"DONALDS, Byron",D000032,1978.0,,0.65,-0.262,-89.6844,0.91559,1017,37,,0.694,-0.335
118,House,22116,43,18,FL,200,,,"FRANKLIN, C. Scott",F000472,1964.0,,0.62,0.178,-94.85764,0.91673,1091,45,,0.652,0.242
118,House,22118,43,28,FL,200,,,"GIMENEZ, Carlos A.",G000593,1954.0,,0.331,0.132,-137.92567,0.87778,1058,58,,0.351,0.178
118,House,22150,43,27,FL,200,,,"SALAZAR, Maria Elvira",S000168,1961.0,,0.271,0.157,-168.75913,0.8457,1007,67,,0.292,0.258
118,House,22163,43,20,FL,100,,,"CHERFILUS-MCCORMICK, Sheila",C001127,1979.0,,-0.464,-0.035,-42.04685,0.96143,1069,18,,-0.44,-0.12
118,House,22302,43,4,FL,200,,,"BEAN, Aaron",B001314,1967.0,,0.666,-0.147,-99.16384,0.91342,1095,40,,0.667,-0.147
118,House,22321,43,10,FL,100,,,"FROST, Maxwell",F000476,1997.0,,-0.422,-0.708,-51.46027,0.95384,1089,17,,-0.422,-0.708
118,House,22341,43,15,FL,200,,,"LEE, Laurel",L000597,1974.0,,0.408,0.151,-169.47234,0.85576,1088,76,,0.408,0.151
118,House,22343,43,13,FL,200,,,"LUNA, Anna",L000596,1989.0,,0.577,-0.526,-102.05876,0.89554,925,47,,0.577,-0.526
118,House,22350,43,7,FL,200,,,"MILLS, Cory",M001216,1980.0,,0.598,-0.304,-107.4337,0.90589,1087,41,,0.597,-0.304
118,House,22353,43,23,FL,100,,,"MOSKOWITZ, Jared",M001217,1980.0,,-0.231,0.305,-97.39372,0.91077,1042,40,,-0.231,0.305
118,House,20321,44,13,GA,100,,,"SCOTT, David",S001157,1945.0,,-0.303,0.17,-97.4882,0.91284,1069,37,,-0.33,0.286
118,House,20712,44,4,GA,100,,,"JOHNSON, Hank",J000288,1954.0,,-0.476,-0.053,-126.44806,0.88785,1063,43,,-0.774,-0.062
118,House,21123,44,8,GA,200,,,"SCOTT, Austin",S001189,1969.0,,0.535,0.367,-162.7094,0.86133,1090,78,,0.488,0.506
118,House,21513,44,1,GA,200,,,"CARTER, Buddy",C001103,1957.0,,0.557,0.343,-132.8415,0.88466,1084,56,,0.576,0.437
118,House,21515,44,11,GA,200,,,"LOUDERMILK, Barry D.",L000583,1963.0,,0.681,0.017,-117.60334,0.8948,1058,52,,0.66,0.045
118,House,21516,44,12,GA,200,,,"ALLEN, Rick W.",A000372,1951.0,,0.691,0.272,-119.09286,0.89686,1094,57,,0.635,0.265
118,House,21717,44,3,GA,200,,,"FERGUSON, Anderson Drew IV",F000465,1966.0,,0.585,0.251,-145.39764,0.87092,1052,67,,0.53,0.278
118,House,21944,44,7,GA,100,,,"McBATH, Lucy",M001208,1960.0,,-0.346,0.261,-63.28313,0.94273,1073,23,,-0.476,0.26
118,House,22110,44,9,GA,200,,,"CLYDE, Andrew S.",C001116,1963.0,,0.822,-0.128,-129.74173,0.88768,1089,58,,0.929,-0.031
118,House,22121,44,14,GA,200,,,"GREENE, Marjorie Taylor",G000596,1974.0,,0.8,-0.6,-153.89159,0.86245,1040,61,,0.677,-0.549
118,House,22156,44,5,GA,100,,,"WILLIAMS, Nikema",W000788,1978.0,,-0.421,-0.418,-45.91587,0.95875,1090,20,,-0.428,-0.415
118,House,22310,44,10,GA,200,,,"COLLINS, Mike",C001129,1967.0,,0.671,-0.272,-96.24814,0.91556,1091,38,,0.67,-0.273
118,House,22346,44,6,GA,200,,,"MCCORMICK, Rich",M001218,1968.0,,0.885,0.465,-169.51052,0.85474,1080,81,,0.885,0.466
118,House,29339,44,2,GA,100,,,"BISHOP, Sanford Dixon, Jr.",B000490,1947.0,,-0.287,0.447,-113.41201,0.90101,1088,56,,-0.438,0.451
118,House,22373,94,0,GU,200,,,"MOYLAN, James",M001219,1962.0,,0.443,0.431,-95.35811,0.75729,343,47,,0.443,0.431
118,House,20322,82,1,HI,100,,,"CASE, Ed",C001055,1952.0,,-0.204,-0.075,-110.15126,0.90363,1087,46,,-0.265,0.082
118,House,22369,82,2,HI,100,,,"TOKUDA, Jill",T000487,1976.0,,-0.465,-0.37,-40.16374,0.96369,1086,16,,-0.47,-0.373
118,House,21920,63,1,ID,200,,,"FULCHER, Russell",F000469,1962.0,,0.642,-0.084,-123.08553,0.8935,1093,46,,0.669,-0.142
118,House,29910,63,2,ID,200,,,"SIMPSON, Michael K.",S001148,1950.0,,0.296,0.311,-101.62252,0.908,1053,37,,0.285,0.451
118,House,20749,21,11,IL,100,,,"FOSTER, Bill",F000454,1955.0,,-0.237,-0.219,-76.53075,0.93208,1088,31,,-0.346,-0.068
118,House,20954,21,5,IL,100,,,"QUIGLEY, Mike",Q000023,1958.0,,-0.326,-0.229,-76.08151,0.93042,1055,28,,-0.448,0.182
118,House,21326,21,10,IL,100,,,"SCHNEIDER, Brad",S001190,1961.0,,-0.193,-0.118,-85.2894,0.92379,1076,42,,-0.31,0.167
118,House,21371,21,2,IL,100,,,"KELLY, Robin L.",K000385,1956.0,,-0.471,-0.019,-34.1708,0.96813,1055,13,,-0.557,-0.002
118,House,21519,21,12,IL,200,,,"BOST, Mike",B001295,1960.0,,0.398,-0.033,-172.38677,0.85335,1087,94,,0.516,-0.113
118,House,21562,21,16,IL,200,,,"LaHOOD, Darin",L000585,1968.0,,0.461,0.216,-163.86821,0.85701,1062,66,,0.465,0.235
118,House,21730,21,8,IL,100,,,"KRISHNAMOORTHI, S. Raja",K000391,1973.0,,-0.338,-0.005,-52.03171,0.95351,1093,18,,-0.413,0.144
118,House,21906,21,6,IL,100,,,"CASTEN, Sean",C001117,1971.0,,-0.65,0.459,-62.21123,0.94428,1085,25,,-0.62,0.284
118,House,21921,21,4,IL,100,,,"GARCÍA, Jesús",G000586,1956.0,,-0.437,-0.879,-44.70333,0.95641,1003,19,,-0.416,-0.91
118,House,21979,21,14,IL,100,,,"UNDERWOOD, Lauren",U000040,1986.0,,-0.605,0.36,-55.46587,0.95012,1084,21,,-0.644,0.04
118,House,22138,21,15,IL,200,,,"MILLER, Mary E.",M001211,1959.0,,0.791,-0.154,-111.74183,0.90205,1084,42,,0.716,-0.135
118,House,22304,21,13,IL,100,,,"BUDZINSKI, Nikki",B001315,1977.0,,-0.324,0.499,-79.92645,0.92961,1095,36,,-0.324,0.499
118,House,22330,21,1,IL,100,,,"JACKSON, Jonathan",J000309,1966.0,,-0.388,-0.445,-76.25943,0.93152,1075,36,,-0.385,-0.442
118,House,22360,21,3,IL,100,,,"RAMIREZ, Delia",R000617,1983.0,,-0.496,-0.868,-39.25905,0.96417,1076,12,,-0.739,-0.674
118,House,22365,21,17,IL,100,,,"SORENSEN, Eric",S001225,1976.0,,-0.25,0.311,-77.47288,0.92828,1041,32,,-0.25,0.311
118,House,29717,21,7,IL,100,,,"DAVIS, Danny K.",D000096,1941.0,,-0.486,-0.266,-45.43054,0.95766,1050,17,,-0.483,-0.26
118,House,29911,21,9,IL,100,,,"SCHAKOWSKY, Janice D.",S001145,1944.0,,-0.602,-0.292,-54.52866,0.95004,1064,26,,-0.431,-0.548
118,House,20757,22,7,IN,100,,,"CARSON, André",C001072,1974.0,,-0.434,0.032,-77.12049,0.93071,1074,30,,-0.493,-0.136
118,House,21132,22,8,IN,200,,,"BUCSHON, Larry",B001275,1962.0,,0.38,0.385,-116.78638,0.89521,1055,34,,0.325,0.469
118,House,21702,22,3,IN,200,,,"BANKS, James E.",B001299,1979.0,,0.647,0.012,-119.37717,0.89377,1063,39,,0.665,0.038
118,House,21903,22,4,IN,200,,,"BAIRD, James",B001307,1945.0,,0.444,0.417,-176.09457,0.8498,1082,73,,0.37,0.247
118,House,21952,22,6,IN,200,,,"PENCE, Gregory",P000615,1956.0,,0.499,0.236,-146.83979,0.86305,997,71,,0.423,0.294
118,House,22142,22,1,IN,100,,,"MRVAN, Frank J.",M001214,1969.0,,-0.312,0.364,-65.15451,0.94161,1083,23,,-0.321,0.413
118,House,22151,22,5,IN,200,,,"SPARTZ, Victoria",S000929,1978.0,,0.486,-0.247,-214.0906,0.8105,1019,90,,0.554,-0.34
118,House,22171,22,2,IN,200,,,"YAKYM, Rudy, III",Y000067,1984.0,,0.51,0.136,-114.16617,0.90108,1096,45,,0.518,0.14
118,House,22326,22,9,IN,200,,,"HOUCHIN, Erin",H001093,1976.0,,0.63,0.213,-97.77262,0.91465,1096,41,,0.63,0.213
118,House,22113,31,4,IA,200,,,"FEENSTRA, Randy",F000446,1969.0,,0.47,0.175,-123.33358,0.89357,1096,50,,0.487,0.177
118,House,22124,31,2,IA,200,,,"HINSON, Ashley",H001091,1983.0,,0.348,0.351,-92.45686,0.91882,1092,34,,0.387,0.64
118,House,22139,31,1,IA,200,,,"MILLER-MEEKS, Mariannette",M001215,1955.0,,0.336,0.192,-139.40877,0.8772,1064,62,,0.35,0.181
118,House,22356,31,3,IA,200,,,"NUNN, Zach",N000193,1979.0,,0.291,0.193,-173.17762,0.85031,1068,65,,0.291,0.193
118,House,21750,32,4,KS,200,,,"ESTES, Ron",E000298,1956.0,,0.645,0.105,-107.73054,0.90589,1090,47,,0.655,0.246
118,House,21914,32,3,KS,100,,,"DAVIDS, Sharice",D000629,1980.0,,-0.279,0.285,-77.35712,0.93185,1096,24,,-0.298,0.311
118,House,22130,32,2,KS,200,,,"LATURNER, Jake",L000266,1988.0,,0.468,0.445,-135.83163,0.88068,1069,53,,0.453,0.401
118,House,22134,32,1,KS,200,,,"MANN, Tracey",M000871,1976.0,,0.605,0.062,-129.67174,0.88832,1095,61,,0.531,-0.052
118,House,14854,51,5,KY,200,,,"ROGERS, Harold Dallas (Hal)",R000395,1937.0,,0.333,0.152,-123.72224,0.88835,1045,39,,0.359,0.783
118,House,20916,51,2,KY,200,,,"GUTHRIE, Brett",G000558,1964.0,,0.428,0.268,-127.84647,0.89009,1098,57,,0.471,0.344
118,House,21333,51,6,KY,200,,,"BARR, Garland H. (Andy) IV",B001282,1973.0,,0.486,0.301,-106.57193,0.90269,1041,40,,0.533,0.392
118,House,21565,51,1,KY,200,,,"COMER, James",C001108,1972.0,,0.593,-0.065,-96.64178,0.91471,1084,38,,0.597,-0.134
118,House,22347,51,3,KY,100,,,"MCGARVEY, Morgan",M001220,1979.0,,-0.544,0.045,-34.98378,0.96856,1095,12,,-0.545,0.042
118,House,31102,51,4,KY,200,,,"MASSIE, Thomas",M001184,1971.0,,0.678,-0.735,-235.03921,0.79128,1004,91,,0.609,-0.793
118,House,20759,45,1,LA,200,,,"SCALISE, Steve",S001176,1965.0,,0.558,0.17,-95.83822,0.90835,997,33,,0.589,0.224
118,House,21523,45,6,LA,200,,,"GRAVES, Garret",G000577,1972.0,,0.425,0.048,-182.36981,0.84489,1082,74,,0.397,0.015
118,House,21724,45,3,LA,200,,,"HIGGINS, Clay",H001077,1961.0,,0.622,-0.313,-126.14238,0.88547,1037,57,,0.631,-0.297
118,House,21727,45,4,LA,200,,,"JOHNSON, Mike",J000299,1972.0,,0.566,0.017,-51.33578,0.93638,781,25,,0.657,0.152
118,House,22157,45,5,LA,200,,,"LETLOW, Julia",L000595,1981.0,,0.425,0.355,-163.93305,0.85795,1070,69,,0.413,0.287
118,House,22158,45,2,LA,100,,,"CARTER, Troy",C001125,1963.0,,-0.531,0.258,-42.06314,0.96184,1081,14,,-0.587,0.277
118,House,20920,2,1,ME,100,,,"PINGREE, Chellie",P000597,1955.0,,-0.421,-0.366,-49.61739,0.9538,1049,22,,-0.441,-0.318
118,House,21923,2,2,ME,100,,,"GOLDEN, Jared",G000592,1982.0,,-0.101,0.358,-305.11509,0.74741,1048,108,,-0.085,0.364
118,House,14873,52,5,MD,100,,,"HOYER, Steny Hamilton",H000874,1939.0,,-0.381,0.122,-59.43887,0.94398,1031,19,,-0.486,0.368
118,House,15433,52,7,MD,100,,,"MFUME, Kweisi",M000687,1948.0,,-0.444,-0.335,-51.5653,0.95282,1067,17,,-0.413,-0.166
118,House,20329,52,2,MD,100,,,"RUPPERSBERGER, C. A. (Dutch)",R000576,1946.0,,-0.299,0.12,-65.72264,0.93842,1034,26,,-0.403,0.108
118,House,20724,52,3,MD,100,,,"SARBANES, John",S001168,1962.0,,-0.466,-0.078,-43.4111,0.96017,1068,19,,-0.446,-0.131
118,House,21139,52,1,MD,200,,,"HARRIS, Andy",H001052,1957.0,,0.671,-0.371,-174.34474,0.85105,1081,69,,0.661,-0.312
118,House,21741,52,8,MD,100,,,"RASKIN, Jamie Ben",R000606,1962.0,,-0.513,-0.233,-44.43458,0.95987,1085,21,,-0.449,-0.234
118,House,21978,52,6,MD,100,,,"TRONE, David",T000483,1955.0,,-0.346,0.226,-53.2217,0.94612,961,17,,-0.41,0.32
118,House,22329,52,4,MD,100,,,"IVEY, Glenn",I000058,1961.0,,-0.492,-0.009,-39.11902,0.96468,1088,17,,-0.493,-0.012
118,House,15616,3,1,MA,100,,,"NEAL, Richard Edmund",N000015,1949.0,,-0.418,-0.106,-47.79985,0.95667,1079,24,,-0.474,-0.065
118,House,20119,3,8,MA,100,,,"LYNCH, Stephen F.",L000562,1955.0,,-0.347,0.051,-83.69422,0.9251,1075,34,,-0.309,0.112
118,House,21140,3,9,MA,100,,,"KEATING, William R.",K000375,1952.0,,-0.332,-0.096,-67.37297,0.93892,1069,28,,-0.374,0.109
118,House,21375,3,5,MA,100,,,"CLARK, Katherine M.",C001101,1963.0,,-0.484,-0.269,-41.79862,0.96265,1098,17,,-0.519,0.015
118,House,21525,3,6,MA,100,,,"MOULTON, Seth",M001196,1978.0,,-0.283,-0.037,-81.69339,0.92715,1080,31,,-0.288,0.027
118,House,21955,3,7,MA,100,,,"PRESSLEY, Ayanna",P000617,1974.0,,-0.349,-0.937,-47.50137,0.95573,1049,14,,-0.739,-0.674
118,House,21977,3,3,MA,100,,,"TRAHAN, Lori",T000482,1973.0,,-0.434,-0.121,-41.43634,0.96253,1085,20,,-0.417,-0.129
118,House,22100,3,4,MA,100,,,"AUCHINCLOSS, Jake",A000148,1988.0,,-0.307,-0.267,-100.88332,0.91042,1075,39,,-0.311,-0.193
118,House,29729,3,2,MA,100,,,"McGOVERN, James P.",M000312,1959.0,,-0.538,-0.338,-53.13045,0.95251,1092,30,,-0.418,-0.578
118,House,20725,23,5,MI,200,,,"WALBERG, Tim",W000798,1951.0,,0.5,0.157,-126.83711,0.88996,1088,58,,0.471,0.222
118,House,21142,23,4,MI,200,,,"HUIZENGA, Bill",H001058,1969.0,,0.533,0.041,-155.07998,0.86716,1088,62,,0.458,0.047
118,House,21372,23,8,MI,100,,,"KILDEE, Dan",K000380,1958.0,,-0.359,-0.182,-119.88021,0.89316,1061,42,,-0.235,-0.194
118,House,21526,23,2,MI,200,,,"MOOLENAAR, John",M001194,1961.0,,0.449,0.162,-148.78479,0.87284,1094,60,,0.431,0.066
118,House,21529,23,6,MI,100,,,"DINGELL, Debbie",D000624,1953.0,,-0.399,-0.187,-43.57192,0.95916,1045,18,,-0.359,-0.31
118,House,21704,23,1,MI,200,,,"BERGMAN, John",B001301,1947.0,,0.432,0.079,-146.1231,0.87454,1090,57,,0.424,0.044
118,House,21965,23,7,MI,100,,,"SLOTKIN, Elissa",S001208,1976.0,,-0.329,0.722,-88.52385,0.92227,1094,30,,-0.302,0.427
118,House,21972,23,11,MI,100,,,"STEVENS, Haley",S001215,1983.0,,-0.38,0.251,-62.58513,0.94459,1098,28,,-0.407,0.223
118,House,21975,23,12,MI,100,,,"TLAIB, Rashida",T000481,1976.0,,-0.29,-0.957,-58.78553,0.94664,1072,20,,-0.981,-0.192
118,House,22136,23,9,MI,200,,,"MCCLAIN, Lisa C.",M001136,1966.0,,0.552,0.147,-111.29187,0.90078,1065,46,,0.544,0.167
118,House,22332,23,10,MI,200,,,"JAMES, John",J000307,1981.0,,0.311,0.412,-108.88138,0.90333,1071,42,,0.311,0.412
118,House,22363,23,3,MI,100,,,"SCHOLTEN, Hillary",S001221,1982.0,,-0.256,0.213,-81.3264,0.92823,1092,27,,-0.256,0.213
118,House,22368,23,13,MI,100,,,"THANEDAR, Shri",T000488,1955.0,,-0.347,-0.058,-59.17343,0.94753,1098,27,,-0.347,-0.059
118,House,20122,33,4,MN,100,,,"McCOLLUM, Betty",M001143,1954.0,,-0.419,-0.184,-57.7979,0.9484,1091,28,,-0.497,-0.109
118,House,21531,33,6,MN,200,,,"EMMER, Thomas Earl II",E000294,1961.0,,0.467,-0.073,-123.23036,0.89347,1094,49,,0.531,0.01
118,House,21910,33,2,MN,100,,,"CRAIG, Angela",C001119,1972.0,,-0.267,0.619,-113.18504,0.8998,1072,48,,-0.245,0.572
118,House,21950,33,5,MN,100,,,"OMAR, Ilhan",O000173,1982.0,,-0.296,-0.955,-73.15746,0.9345,1080,30,,-0.981,-0.192
118,House,21953,33,3,MN,100,,,"PHILLIPS, Dean",P000616,1969.0,,-0.277,0.163,-57.56327,0.92964,789,22,,-0.28,0.152
118,House,21969,33,8,MN,200,,,"STAUBER, Peter",S001212,1966.0,,0.383,-0.098,-152.69531,0.86184,1027,66,,0.445,-0.039
118,House,22114,33,7,MN,200,,,"FISCHBACH, Michelle",F000470,1965.0,,0.537,-0.028,-113.80643,0.90094,1091,54,,0.559,-0.1
118,House,22167,33,1,MN,200,,,"FINSTAD, Brad",F000475,1976.0,,0.548,-0.047,-105.23294,0.90805,1091,46,,0.555,-0.061
118,House,21561,46,1,MS,200,,,"KELLY, Trent",K000388,1966.0,,0.638,0.295,-101.64635,0.9115,1097,43,,0.689,0.38
118,House,21927,46,3,MS,200,,,"GUEST, Michael",G000591,1970.0,,0.529,0.128,-127.05092,0.88902,1080,67,,0.521,0.104
118,House,22319,46,4,MS,200,,,"EZELL, Mike",E000235,1959.0,,0.556,0.179,-102.00523,0.90809,1058,54,,0.556,0.179
118,House,29368,46,2,MS,100,,,"THOMPSON, Bennie",T000193,1948.0,,-0.518,0.391,-39.40953,0.964,1075,10,,-0.605,0.305
118,House,20124,34,6,MO,200,,,"GRAVES, Samuel",G000546,1963.0,,0.448,0.163,-160.99207,0.86139,1079,59,,0.451,0.086
118,House,20517,34,5,MO,100,,,"CLEAVER, Emanuel, II",C001061,1944.0,,-0.453,0.001,-36.20442,0.96087,907,18,,-0.45,-0.165
118,House,20926,34,3,MO,200,,,"LUETKEMEYER, Blaine",L000569,1952.0,,0.45,0.25,-107.74584,0.89929,1015,38,,0.493,0.357
118,House,21337,34,2,MO,200,,,"WAGNER, Ann",W000812,1962.0,,0.39,0.297,-130.34096,0.88631,1080,58,,0.349,0.361
118,House,21373,34,8,MO,200,,,"SMITH, Jason",S001195,1980.0,,0.577,0.208,-115.36452,0.89697,1061,60,,0.522,0.047
118,House,22106,34,1,MO,100,,,"BUSH, Cori",B001224,1976.0,,-0.247,-0.969,-53.23621,0.9411,877,18,,-0.981,-0.192
118,House,22300,34,4,MO,200,,,"ALFORD, Mark",A000379,1963.0,,0.59,0.039,-100.89149,0.9119,1094,47,,0.59,0.039
118,House,22305,34,7,MO,200,,,"BURLISON, Eric",B001316,1976.0,,0.718,-0.508,-77.03009,0.93091,1076,28,,0.718,-0.508
118,House,21532,64,1,MT,200,,,"ZINKE, Ryan",Z000018,1961.0,,0.441,-0.139,-190.19899,0.83742,1072,87,,0.464,-0.104
118,House,22148,64,2,MT,200,,,"ROSENDALE, Matthew M., Sr.",R000103,1960.0,,0.753,-0.655,-120.68368,0.89564,1095,52,,0.74,-0.672
118,House,20729,35,3,NE,200,,,"SMITH, Adrian",S001172,1970.0,,0.511,0.251,-109.53421,0.9027,1070,44,,0.513,0.347
118,House,21701,35,2,NE,200,,,"BACON, Donald J.",B001298,1963.0,,0.286,0.188,-134.68409,0.88346,1087,51,,0.237,0.371
118,House,22166,35,1,NE,200,,,"FLOOD, Mike",F000474,1975.0,,0.462,0.761,-111.53116,0.90248,1087,42,,0.443,0.684
118,House,20927,65,1,NV,100,,,"TITUS, Alice (Dina)",T000468,1950.0,,-0.299,-0.166,-82.03465,0.92519,1055,37,,-0.286,0.032
118,House,21196,65,2,NV,200,,,"AMODEI, Mark E.",A000369,1958.0,,0.385,0.209,-125.50505,0.89105,1088,57,,0.419,0.331
118,House,21339,65,4,NV,100,,,"HORSFORD, Steven",H001066,1973.0,,-0.325,0.141,-87.60826,0.92117,1067,38,,-0.267,0.126
118,House,21938,65,3,NV,100,,,"LEE, Susie",L000590,1966.0,,-0.232,0.312,-107.20378,0.90294,1050,45,,-0.2,0.234
118,House,21340,4,2,NH,100,,,"KUSTER, Ann McLane",K000382,1956.0,,-0.264,-0.085,-53.62025,0.94975,1040,22,,-0.327,0.072
118,House,21951,4,1,NH,100,,,"PAPPAS, Chris",P000614,1980.0,,-0.238,0.351,-98.09293,0.91401,1091,41,,-0.215,0.35
118,House,14863,12,4,NJ,200,,,"SMITH, Christopher Henry",S000522,1953.0,,0.18,-0.174,-270.81865,0.77712,1074,129,,0.301,-0.05
118,House,15454,12,6,NJ,100,,,"PALLONE, Frank, Jr.",P000034,1951.0,,-0.402,-0.163,-93.78135,0.91799,1096,32,,-0.322,-0.184
118,House,21536,12,1,NJ,100,,,"NORCROSS, Donald",N000188,1958.0,,-0.419,0.342,-53.33174,0.94987,1037,24,,-0.389,0.37
118,House,21538,12,12,NJ,100,,,"WATSON COLEMAN, Bonnie",W000822,1945.0,,-0.596,-0.222,-47.37663,0.95238,971,25,,-0.475,-0.394
118,House,21723,12,5,NJ,100,,,"GOTTHEIMER, Josh S.",G000583,1975.0,,-0.161,0.211,-109.6033,0.89896,1029,31,,-0.205,0.199
118,House,21937,12,3,NJ,100,,,"KIM, Andy",K000394,1982.0,,-0.345,0.158,-72.32436,0.93023,1000,26,,-0.43,-0.08
118,House,21964,12,11,NJ,100,,,"SHERRILL, Mikie",S001207,1972.0,,-0.232,0.249,-77.61054,0.92749,1031,31,,-0.291,0.278
118,House,22334,12,7,NJ,200,,,"KEAN, Thomas",K000398,1968.0,,0.194,0.37,-92.06738,0.91915,1092,32,,0.194,0.37
118,House,22348,12,8,NJ,100,,,"MENENDEZ, Robert",M001226,1985.0,,-0.494,0.238,-49.87209,0.95508,1085,19,,-0.493,0.236
118,House,22381,12,10,NJ,100,,,"MCIVER, LaMonica",M001229,,,-0.475,-0.05,-0.45292,0.98952,43,0,,-0.528,-0.159
118,House,29741,12,9,NJ,100,,,"PASCRELL, William J., Jr.",P000096,1937.0,,-0.369,-0.004,-46.29041,0.95239,949,16,,-0.498,0.212
118,House,31103,12,10,NJ,100,,,"PAYNE, Donald, Jr.",P000604,1958.0,,-0.52,-0.096,-21.28424,0.97001,699,7,,-0.534,0.035
118,House,91980,12,2,NJ,200,,,"VAN DREW, Jefferson",V000133,1953.0,,0.382,-0.449,-156.57168,0.86642,1092,46,,0.447,-0.306
118,House,22131,66,3,NM,100,,,"LEGER FERNANDEZ, Teresa",L000273,1959.0,,-0.354,-0.185,-58.84506,0.9461,1062,21,,-0.348,-0.179
118,House,22159,66,1,NM,100,,,"STANSBURY, Melanie Ann",S001218,1979.0,,-0.456,-0.178,-45.02884,0.95887,1072,19,,-0.458,-0.17
118,House,22371,66,2,NM,100,,,"VASQUEZ, Gabriel",V000136,1984.0,,-0.303,0.497,-110.99489,0.9036,1095,41,,-0.303,0.497
118,House,20519,13,26,NY,100,,,"HIGGINS, Brian",H001038,1959.0,,-0.348,-0.032,-37.78669,0.94548,674,17,,-0.333,-0.035
118,House,20733,13,9,NY,100,,,"CLARKE, Yvette Diane",C001067,1964.0,,-0.607,-0.257,-46.32259,0.95836,1089,22,,-0.51,-0.455
118,House,20934,13,20,NY,100,,,"TONKO, Paul",T000469,1949.0,,-0.414,-0.264,-51.42231,0.95396,1091,17,,-0.348,-0.313
118,House,21342,13,6,NY,100,,,"MENG, Grace",M001188,1975.0,,-0.371,-0.21,-62.59953,0.9426,1059,25,,-0.324,-0.25
118,House,21343,13,8,NY,100,,,"JEFFRIES, Hakeem",J000294,1970.0,,-0.486,-0.067,-34.95134,0.9685,1092,12,,-0.487,0.064
118,House,21541,13,21,NY,200,,,"STEFANIK, Elise M",S001196,1984.0,,0.305,-0.116,-179.4281,0.84784,1087,74,,0.485,0.242
118,House,21715,13,13,NY,100,,,"ESPAILLAT, Adriano J.",E000297,1954.0,,-0.536,-0.204,-74.31077,0.93374,1084,34,,-0.361,-0.31
118,House,21747,13,3,NY,100,,,"SUOZZI, Thomas",S001201,1962.0,,-0.222,0.126,-33.99718,0.91631,389,12,,-0.253,0.325
118,House,21749,13,24,NY,200,,,"TENNEY, Claudia",T000478,1961.0,,0.463,0.006,-146.09861,0.87456,1090,67,,0.486,0.031
118,House,21761,13,25,NY,100,,,"MORELLE, Joseph D.",M001206,1957.0,,-0.334,0.158,-61.62422,0.94393,1068,28,,-0.319,0.126
118,House,21949,13,14,NY,100,,,"OCASIO-CORTEZ, Alexandria",O000172,1989.0,,-0.316,-0.949,-52.3682,0.95211,1067,18,,-0.739,-0.674
118,House,22105,13,16,NY,100,,,"BOWMAN, Jamaal",B001223,1976.0,,-0.357,-0.934,-48.53934,0.95034,953,16,,-0.739,-0.674
118,House,22117,13,2,NY,200,,,"GARBARINO, Andrew R.",G000597,1984.0,,0.244,0.235,-91.50078,0.91492,1029,34,,0.222,0.283
118,House,22133,13,11,NY,200,,,"MALLIOTAKIS, Nicole",M000317,1980.0,,0.339,-0.082,-167.14166,0.85551,1071,64,,0.363,-0.072
118,House,22154,13,15,NY,100,,,"TORRES, Ritchie",T000486,1988.0,,-0.322,-0.106,-93.06574,0.91602,1061,46,,-0.313,0.0
118,House,22169,13,18,NY,100,,,"RYAN, Patrick",R000579,1982.0,,-0.24,0.275,-88.03338,0.92248,1091,34,,-0.239,0.273
118,House,22313,13,4,NY,200,,,"D'ESPOSITO, Anthony",D000632,1982.0,,0.239,0.186,-122.48282,0.8894,1045,47,,0.239,0.186
118,House,22324,13,10,NY,100,,,"GOLDMAN, Daniel",G000599,1976.0,,-0.431,0.12,-52.78245,0.95047,1039,20,,-0.431,0.119
118,House,22337,13,1,NY,200,,,"LALOTA, Nicholas",L000598,1978.0,,0.253,0.093,-174.92347,0.8506,1081,67,,0.253,0.093
118,House,22339,13,23,NY,200,,,"LANGWORTHY, Nick",L000600,1981.0,,0.417,-0.063,-131.30562,0.88256,1051,59,,0.417,-0.063
118,House,22340,13,17,NY,200,,,"LAWLER, Michael",L000599,1986.0,,0.187,0.251,-112.43225,0.90148,1084,33,,0.187,0.251
118,House,22351,13,19,NY,200,,,"MOLINARO, Marcus",M001221,1975.0,,0.249,0.102,-160.69612,0.85945,1061,71,,0.249,0.102
118,House,22362,13,3,NY,200,,,"SANTOS, George",S001222,1988.0,,0.473,-0.421,-117.88222,0.81608,580,47,,0.473,-0.42
118,House,22372,13,22,NY,200,,,"WILLIAMS, Brandon",W000828,1967.0,,0.313,0.108,-144.68234,0.86812,1023,76,,0.313,0.108
118,House,22377,13,26,NY,100,,,"KENNEDY, Timothy M.",K000402,1976.0,,-0.335,0.188,-18.63494,0.93734,288,9,,-0.334,0.186
118,House,29377,13,12,NY,100,,,"NADLER, Jerrold Lewis",N000002,1947.0,,-0.507,-0.479,-47.40816,0.95634,1062,20,,-0.443,-0.385
118,House,29378,13,7,NY,100,,,"VELÁZQUEZ, Nydia M.",V000081,1953.0,,-0.546,-0.367,-44.9982,0.9584,1059,19,,-0.441,-0.604
118,House,29776,13,5,NY,100,,,"MEEKS, Gregory W.",M001137,1953.0,,-0.415,-0.064,-46.6547,0.95761,1077,17,,-0.513,0.174
118,House,20521,47,5,NC,200,,,"FOXX, Virginia Ann",F000450,1943.0,,0.623,0.172,-159.26114,0.86418,1091,63,,0.591,0.176
118,House,20522,47,10,NC,200,,,"McHENRY, Patrick T.",M001156,1975.0,,0.524,0.155,-140.16447,0.85739,911,64,,0.476,0.192
118,House,21346,47,9,NC,200,,,"HUDSON, Richard",H001067,1971.0,,0.523,0.21,-147.94553,0.8695,1058,56,,0.504,0.241
118,House,21544,47,7,NC,200,,,"ROUZER, David",R000603,1972.0,,0.566,0.289,-102.09215,0.9109,1094,39,,0.674,0.647
118,House,21545,47,12,NC,100,,,"ADAMS, Alma",A000370,1946.0,,-0.463,-0.002,-37.27154,0.96608,1080,14,,-0.45,-0.095
118,House,21986,47,8,NC,200,,,"BISHOP, Dan",B001311,1964.0,,0.705,-0.372,-103.35971,0.90381,1022,42,,0.683,-0.458
118,House,21987,47,3,NC,200,,,"MURPHY, Gregory Francis",M001210,1963.0,,0.486,0.125,-136.27113,0.8665,951,62,,0.49,0.215
118,House,22135,47,6,NC,100,,,"MANNING, Kathy E.",M001135,1956.0,,-0.275,0.348,-75.66386,0.93312,1093,29,,-0.279,0.396
118,House,22149,47,2,NC,100,,,"ROSS, Deborah K.",R000305,1963.0,,-0.405,0.041,-40.89212,0.96278,1078,19,,-0.4,-0.053
118,House,22314,47,1,NC,100,,,"DAVIS, Don",D000230,1971.0,,-0.268,0.929,-128.54716,0.88569,1059,57,,-0.268,0.929
118,House,22318,47,11,NC,200,,,"EDWARDS, Chuck",E000246,1960.0,,0.379,0.47,-164.93994,0.85885,1084,45,,0.379,0.47
118,House,22320,47,4,NC,100,,,"FOUSHEE, Valerie",F000477,1956.0,,-0.531,-0.249,-34.12564,0.96858,1069,12,,-0.524,-0.245
118,House,22331,47,14,NC,100,,,"JACKSON, Jeff",J000308,1982.0,,-0.261,0.166,-76.18622,0.93127,1070,33,,-0.261,0.166
118,House,22355,47,13,NC,100,,,"NICKEL, Wiley",N000194,1975.0,,-0.242,0.243,-85.91062,0.92236,1063,32,,-0.242,0.242
118,House,21901,36,1,ND,200,,,"ARMSTRONG, Kelly",A000377,1976.0,,0.449,0.064,-154.00288,0.86358,1050,72,,0.419,0.064
118,House,21996,95,0,MP,100,,,"SABLAN, Gregorio Kilili Camacho",S001177,1955.0,,-0.419,-0.252,-15.9778,0.96187,411,6,,-0.381,-0.356
118,House,15029,24,9,OH,100,,,"KAPTUR, Marcia Carolyn (Marcy)",K000009,1946.0,,-0.346,0.129,-141.26126,0.87686,1075,60,,-0.293,0.339
118,House,20342,24,10,OH,200,,,"TURNER, Michael R.",T000463,1960.0,,0.267,0.254,-119.32965,0.8899,1023,44,,0.234,0.475
118,House,20738,24,4,OH,200,,,"JORDAN, Jim",J000289,1964.0,,0.715,-0.193,-74.75919,0.93312,1080,28,,0.68,-0.204
118,House,20755,24,5,OH,200,,,"LATTA, Robert E.",L000566,1956.0,,0.509,0.284,-109.56908,0.90511,1099,37,,0.483,0.244
118,House,21162,24,6,OH,200,,,"JOHNSON, Bill",J000292,1954.0,,0.436,0.235,-78.83363,0.88725,659,36,,0.535,0.435
118,House,21351,24,2,OH,200,,,"WENSTRUP, Brad",W000815,1958.0,,0.527,0.289,-103.49173,0.90958,1092,38,,0.544,0.398
118,House,21352,24,3,OH,100,,,"BEATTY, Joyce",B001281,1950.0,,-0.436,0.012,-38.5164,0.96455,1067,17,,-0.447,-0.149
118,House,21353,24,14,OH,200,,,"JOYCE, David",J000295,1957.0,,0.251,0.315,-95.23255,0.91002,1010,31,,0.236,0.415
118,House,21564,24,8,OH,200,,,"DAVIDSON, Warren",D000626,1970.0,,0.657,-0.361,-153.19035,0.86764,1079,65,,0.612,-0.415
118,House,21759,24,12,OH,200,,,"BALDERSON, Troy",B001306,1962.0,,0.46,0.199,-112.6407,0.9025,1098,41,,0.513,0.261
118,House,22161,24,11,OH,100,,,"BROWN, Shontel  M.",B001313,1975.0,,-0.445,-0.114,-34.92543,0.96858,1094,12,,-0.443,-0.13
118,House,22162,24,15,OH,200,,,"CAREY, Mike",C001126,1971.0,,0.407,-0.002,-165.821,0.85936,1094,82,,0.407,0.007
118,House,22338,24,1,OH,100,,,"LANDSMAN, Greg",L000601,1976.0,,-0.216,0.202,-92.24226,0.91605,1052,35,,-0.216,0.202
118,House,22349,24,7,OH,200,,,"MILLER, Max",M001222,1988.0,,0.389,0.046,-161.28496,0.85761,1050,84,,0.389,0.046
118,House,22367,24,13,OH,100,,,"SYKES, Emilia",S001223,1986.0,,-0.33,0.143,-62.91313,0.9429,1070,33,,-0.329,0.142
118,House,22379,24,6,OH,200,,,"RULLI, Michael A.",R000619,,,0.402,-0.106,-31.49971,0.84869,192,17,,0.402,-0.107
118,House,20344,53,4,OK,200,,,"COLE, Tom",C001053,1949.0,,0.323,0.412,-84.6758,0.92405,1072,25,,0.332,0.751
118,House,21760,53,1,OK,200,,,"HERN, Kevin",H001082,1961.0,,0.683,-0.062,-80.15718,0.92923,1092,28,,0.657,-0.102
118,House,22102,53,5,OK,200,,,"BICE, Stephanie I.",B000740,1973.0,,0.412,0.324,-125.44018,0.89176,1095,61,,0.403,0.276
118,House,22303,53,2,OK,200,,,"BRECHEEN, Josh",B001317,1979.0,,0.84,-0.473,-75.37227,0.93283,1084,35,,0.838,-0.474
118,House,29393,53,3,OK,200,,,"LUCAS, Frank D.",L000491,1960.0,,0.361,0.452,-80.28918,0.92665,1054,27,,0.382,0.84
118,House,21198,72,1,OR,100,,,"BONAMICI, Suzanne",B001278,1954.0,,-0.397,-0.417,-42.99343,0.95943,1038,12,,-0.445,-0.418
118,House,22101,72,2,OR,200,,,"BENTZ, Cliff",B000668,1952.0,,0.479,0.259,-115.10062,0.90005,1093,41,,0.474,0.232
118,House,22308,72,5,OR,200,,,"CHAVEZ-DEREMER, Lori",C001135,1968.0,,0.166,0.425,-110.58571,0.90361,1091,42,,0.166,0.425
118,House,22327,72,4,OR,100,,,"HOYLE, Val",H001094,1964.0,,-0.225,-0.374,-76.78391,0.93069,1069,31,,-0.225,-0.375
118,House,22361,72,6,OR,100,,,"SALINAS, Andrea",S001226,1969.0,,-0.205,-0.19,-74.2146,0.934,1087,36,,-0.205,-0.19
118,House,29588,72,3,OR,100,,,"BLUMENAUER, Earl",B000574,1948.0,,-0.426,-0.626,-52.23024,0.94926,1003,24,,-0.476,-0.4
118,House,20946,14,15,PA,200,,,"THOMPSON, Glenn",T000467,1959.0,,0.335,0.334,-157.02237,0.86584,1090,63,,0.367,0.289
118,House,21167,14,16,PA,200,,,"KELLY, Mike",K000376,1948.0,,0.377,0.396,-115.35994,0.89032,993,39,,0.436,0.576
118,House,21356,14,10,PA,200,,,"PERRY, Scott",P000605,1962.0,,0.681,-0.478,-96.42399,0.91344,1065,38,,0.815,-0.526
118,House,21358,14,8,PA,100,,,"CARTWRIGHT, Matt",C001090,1961.0,,-0.344,0.041,-117.45959,0.89631,1073,49,,-0.304,0.304
118,House,21548,14,2,PA,100,,,"BOYLE, Brendan Francis",B001296,1977.0,,-0.388,0.158,-78.55557,0.92876,1063,34,,-0.35,0.215
118,House,21566,14,3,PA,100,,,"EVANS, Dwight",E000296,1954.0,,-0.466,-0.155,-35.72887,0.95517,779,15,,-0.474,-0.266
118,House,21718,14,1,PA,200,,,"FITZPATRICK, Brian K.",F000466,1973.0,,0.138,-0.099,-242.57389,0.80162,1097,112,,0.111,-0.046
118,House,21745,14,11,PA,200,,,"SMUCKER, Lloyd K.",S001199,1964.0,,0.453,0.132,-152.43964,0.8696,1091,59,,0.468,0.093
118,House,21762,14,5,PA,100,,,"SCANLON, Mary Gay",S001205,1959.0,,-0.441,-0.217,-41.5007,0.96099,1043,19,,-0.445,-0.331
118,House,21763,14,7,PA,100,,,"WILD, Susan",W000826,1957.0,,-0.26,0.304,-110.23282,0.90079,1055,51,,-0.249,0.263
118,House,21915,14,4,PA,100,,,"DEAN, Madeleine",D000631,1959.0,,-0.44,-0.082,-40.26126,0.96357,1085,18,,-0.428,-0.132
118,House,21934,14,6,PA,100,,,"HOULAHAN, Christina",H001085,1967.0,,-0.259,0.247,-106.53455,0.90523,1070,40,,-0.233,0.085
118,House,21936,14,13,PA,200,,,"JOYCE, John",J000302,1957.0,,0.573,-0.013,-123.82127,0.89317,1096,49,,0.577,-0.058
118,House,21945,14,9,PA,200,,,"MEUSER, Dan",M001204,1964.0,,0.492,0.191,-130.49486,0.88427,1061,57,,0.464,0.099
118,House,21956,14,14,PA,200,,,"RESCHENTHALER, Guy",R000610,1983.0,,0.444,0.055,-135.39945,0.88339,1092,62,,0.556,0.132
118,House,22316,14,17,PA,100,,,"DELUZIO, Chris",D000530,1984.0,,-0.239,-0.142,-107.02975,0.90664,1092,39,,-0.239,-0.143
118,House,22342,14,12,PA,100,,,"LEE, Summer",L000602,1987.0,,-0.414,-0.91,-43.45554,0.96123,1099,12,,-0.739,-0.674
118,House,21992,92,0,PR,200,,,"GONZÁLEZ-CÓLON, Jenniffer",G000582,1976.0,,0.221,0.456,-79.24216,0.81178,380,40,,0.222,0.532
118,House,21172,5,1,RI,100,,,"CICILLINE, David N.",C001084,1961.0,,-0.389,-0.262,-7.12944,0.96614,207,1,,-0.45,0.016
118,House,22345,5,2,RI,100,,,"MAGAZINER, Seth",M001223,1983.0,,-0.339,0.213,-56.83574,0.94453,996,25,,-0.339,0.213
118,House,22375,5,1,RI,100,,,"AMO, Gabe",A000380,1987.0,,-0.535,0.055,-22.22168,0.95745,511,7,,-0.537,0.051
118,House,20138,48,2,SC,200,,,"WILSON, Addison Graves (Joe)",W000795,1947.0,,0.53,0.161,-143.52542,0.87502,1075,63,,0.599,0.374
118,House,21174,48,3,SC,200,,,"DUNCAN, Jeff",D000615,1966.0,,0.696,-0.095,-94.50399,0.91592,1076,38,,0.657,-0.171
118,House,21753,48,5,SC,200,,,"NORMAN, Ralph",N000190,1953.0,,0.849,-0.377,-95.53402,0.91504,1076,41,,0.828,-0.427
118,House,21974,48,4,SC,200,,,"TIMMONS, William",T000480,1984.0,,0.599,0.057,-94.21348,0.91756,1095,36,,0.629,-0.033
118,House,22132,48,1,SC,200,,,"MACE, Nancy",M000194,1977.0,,0.338,-0.284,-296.78571,0.75419,1052,164,,0.308,-0.339
118,House,22322,48,7,SC,200,,,"FRY, Russell",F000478,1985.0,,0.522,-0.281,-130.451,0.8875,1093,50,,0.522,-0.281
118,House,39301,48,6,SC,100,,,"CLYBURN, James Enos",C000537,1940.0,,-0.466,0.246,-45.93921,0.95866,1088,14,,-0.58,0.217
118,House,21935,37,1,SD,200,,,"JOHNSON, Dustin",J000301,1976.0,,0.465,0.137,-107.97496,0.90561,1089,40,,0.508,0.172
118,House,20748,54,9,TN,100,,,"COHEN, Stephen",C001068,1949.0,,-0.392,-0.295,-92.39422,0.91577,1050,34,,-0.35,-0.046
118,House,21178,54,3,TN,200,,,"FLEISCHMANN, Chuck",F000459,1962.0,,0.432,0.392,-166.5952,0.8591,1097,70,,0.335,0.32
118,House,21179,54,4,TN,200,,,"DESJARLAIS, Scott",D000616,1964.0,,0.579,-0.052,-110.99877,0.89895,1042,53,,0.604,0.009
118,House,21731,54,8,TN,200,,,"KUSTOFF, David",K000392,1966.0,,0.542,0.342,-147.67045,0.87087,1068,62,,0.579,0.44
118,House,21905,54,2,TN,200,,,"BURCHETT, Timothy",B001309,1964.0,,0.665,-0.414,-130.7521,0.88764,1097,53,,0.675,-0.556
118,House,21926,54,7,TN,200,,,"GREEN, Mark",G000590,1964.0,,0.668,0.015,-85.12129,0.91963,1016,39,,0.649,-0.001
118,House,21959,54,6,TN,200,,,"ROSE, John",R000612,1965.0,,0.668,0.112,-120.5974,0.89351,1071,55,,0.626,0.108
118,House,22122,54,1,TN,200,,,"HARSHBARGER, Diana",H001086,1960.0,,0.674,-0.085,-104.9537,0.90868,1096,43,,0.693,-0.164
118,House,22357,54,5,TN,200,,,"OGLES, Andy",O000175,1971.0,,0.8,-0.361,-79.09807,0.92855,1067,39,,0.798,-0.362
118,House,20355,49,26,TX,200,,,"BURGESS, Michael C.",B001248,1950.0,,0.565,-0.162,-182.71749,0.84396,1077,78,,0.5,-0.135
118,House,20356,49,31,TX,200,,,"CARTER, John R.",C001051,1941.0,,0.486,0.553,-133.28532,0.8691,950,59,,0.44,0.333
118,House,20529,49,9,TX,100,,,"GREEN, Al",G000553,1947.0,,-0.444,0.266,-104.47714,0.90689,1069,33,,-0.506,-0.146
118,House,20530,49,10,TX,200,,,"McCAUL, Michael T.",M001157,1962.0,,0.411,0.172,-157.80217,0.86228,1065,65,,0.39,0.263
118,House,20533,49,28,TX,100,,,"CUELLAR, Henry",C001063,1955.0,,-0.226,0.63,-184.42769,0.84208,1073,89,,-0.196,0.678
118,House,21360,49,14,TX,200,,,"WEBER, Randy",W000814,1953.0,,0.725,0.015,-80.92141,0.92775,1079,32,,0.669,-0.047
118,House,21362,49,20,TX,100,,,"CASTRO, Joaquin",C001091,1974.0,,-0.398,-0.121,-62.31246,0.93827,978,30,,-0.39,-0.461
118,House,21364,49,25,TX,200,,,"WILLIAMS, Roger",W000816,1949.0,,0.596,0.051,-81.65972,0.92328,1023,21,,0.638,-0.027
118,House,21365,49,33,TX,100,,,"VEASEY, Marc",V000131,1971.0,,-0.407,0.346,-123.73926,0.8925,1088,47,,-0.538,0.843
118,House,21551,49,36,TX,200,,,"BABIN, Brian",B001291,1948.0,,0.711,0.104,-76.01502,0.93117,1066,31,,0.713,0.142
118,House,21700,49,19,TX,200,,,"ARRINGTON, Jodey Cook",A000375,1972.0,,0.643,-0.001,-139.45063,0.87496,1044,50,,0.611,0.056
118,House,21722,49,34,TX,100,,,"GONZALEZ, Vicente Jr.",G000581,1967.0,,-0.385,0.816,-187.90767,0.83811,1064,84,,-0.349,0.937
118,House,21758,49,27,TX,200,,,"CLOUD, Michael",C001115,1975.0,,0.684,-0.357,-87.58236,0.92245,1085,40,,0.703,-0.465
118,House,21900,49,32,TX,100,,,"ALLRED, Colin",A000376,1983.0,,-0.422,0.725,-106.20028,0.90725,1091,51,,-0.448,0.891
118,House,21911,49,2,TX,200,,,"CRENSHAW, Daniel",C001120,1984.0,,0.434,0.274,-146.73387,0.86276,994,65,,0.508,0.536
118,House,21917,49,16,TX,100,,,"ESCOBAR, Veronica",E000299,1969.0,,-0.48,-0.274,-41.81383,0.96096,1050,19,,-0.52,-0.162
118,House,21919,49,7,TX,100,,,"FLETCHER, Elizabeth",F000468,1975.0,,-0.492,0.871,-147.75498,0.8708,1068,65,,-0.522,0.853
118,House,21922,49,29,TX,100,,,"GARCIA, Sylvia",G000587,1950.0,,-0.784,0.331,-68.01916,0.93785,1060,27,,-0.493,-0.188
118,House,21925,49,5,TX,200,,,"GOODEN, Lance",G000589,1982.0,,0.723,-0.065,-111.44808,0.90238,1085,42,,0.606,-0.104
118,House,21961,49,21,TX,200,,,"ROY, Charles",R000614,1972.0,,0.8,-0.6,-92.05684,0.91778,1073,42,,0.809,-0.588
118,House,22112,49,4,TX,200,,,"FALLON, Pat",F000246,1967.0,,0.713,0.116,-81.31813,0.92708,1074,36,,0.712,0.099
118,House,22119,49,23,TX,200,,,"GONZALES, Tony",G000594,1980.0,,0.34,0.241,-147.4807,0.86526,1019,59,,0.355,0.239
118,House,22125,49,13,TX,200,,,"JACKSON, Ronny",J000304,1967.0,,0.776,0.141,-77.5867,0.9291,1055,28,,0.774,0.126
118,House,22143,49,22,TX,200,,,"NEHLS, Troy E.",N000026,1968.0,,0.61,-0.246,-95.53349,0.90966,1009,34,,0.589,-0.352
118,House,22147,49,11,TX,200,,,"PFLUGER, August",P000048,1977.0,,0.636,0.373,-106.20533,0.90748,1094,40,,0.592,0.311
118,House,22155,49,24,TX,200,,,"VAN DUYNE, Beth",V000134,1970.0,,0.604,0.009,-97.25081,0.91457,1089,39,,0.679,0.085
118,House,22160,49,6,TX,200,,,"ELLZEY, Jake",E000071,1970.0,,0.514,0.695,-148.89919,0.87264,1093,73,,0.538,0.843
118,House,22307,49,35,TX,100,,,"CASAR, Greg",C001131,1989.0,,-0.405,-0.873,-42.60699,0.96132,1080,17,,-0.402,-0.872
118,House,22312,49,30,TX,100,,,"CROCKETT, Jasmine",C001130,1981.0,,-0.506,-0.199,-44.11266,0.95901,1054,15,,-0.498,-0.194
118,House,22315,49,15,TX,200,,,"DE LA CRUZ, Monica",D000594,1974.0,,0.466,0.136,-125.02491,0.88815,1054,51,,0.466,0.135
118,House,22328,49,38,TX,200,,,"HUNT, Wesley",H001095,1981.0,,0.594,-0.274,-93.24469,0.90321,916,33,,0.594,-0.274
118,House,22344,49,8,TX,200,,,"LUTTRELL, Morgan",L000603,1975.0,,0.612,-0.01,-121.00829,0.89373,1077,53,,0.61,-0.01
118,House,22352,49,1,TX,200,,,"MORAN, Nathaniel",M001224,1974.0,,0.585,0.6,-151.72895,0.86994,1089,79,,0.585,0.601
118,House,22364,49,3,TX,200,,,"SELF, Keith",S001224,1953.0,,0.823,-0.194,-101.20674,0.91141,1091,42,,0.824,-0.193
118,House,22382,49,18,TX,100,,,"LEE CARTER, Erica",L000605,,,-0.473,-0.018,-0.30216,0.98998,30,0,,-0.483,-0.426
118,House,29571,49,37,TX,100,,,"DOGGETT, Lloyd Alton, II",D000399,1946.0,,-0.402,-0.329,-71.16588,0.93554,1068,27,,-0.407,-0.441
118,House,29573,49,18,TX,100,,,"JACKSON LEE, Sheila",J000032,1950.0,,-0.459,0.121,-34.65994,0.94387,600,15,,-0.389,-0.085
118,House,29759,49,17,TX,200,,,"SESSIONS, Pete",S000250,1955.0,,0.585,0.168,-144.28542,0.87069,1042,59,,0.552,0.222
118,House,29762,49,12,TX,200,,,"GRANGER, Kay",G000377,1943.0,,0.403,0.243,-118.95949,0.86897,847,54,,0.456,0.462
118,House,21367,67,2,UT,200,,,"STEWART, Chris",S001192,1960.0,,0.499,0.167,-20.09721,0.94194,336,9,,0.437,0.141
118,House,21755,67,3,UT,200,,,"CURTIS, John R.",C001114,1960.0,,0.446,0.134,-187.65726,0.83548,1044,102,,0.39,0.045
118,House,22141,67,1,UT,200,,,"MOORE, Blake D.",M001213,1980.0,,0.367,0.332,-155.42359,0.8662,1082,57,,0.387,0.39
118,House,22146,67,4,UT,200,,,"OWENS, Burgess",O000086,1951.0,,0.452,0.163,-170.13137,0.85585,1093,99,,0.443,0.121
118,House,22376,67,2,UT,200,,,"MALOY, Celeste",M001228,1981.0,,0.424,0.08,-56.88519,0.88691,474,33,,0.424,0.08
118,House,22301,6,1,VT,100,,,"BALINT, Becca",B001318,1968.0,,-0.453,-0.474,-37.09232,0.96627,1081,11,,-0.459,-0.477
118,House,21994,96,0,VI,100,,,"PLASKETT, Stacey E.",P000610,1966.0,,-0.451,0.507,-37.8796,0.92472,484,18,,-0.499,0.647
118,House,20756,40,1,VA,200,,,"WITTMAN, Robert J.",W000804,1959.0,,0.448,0.02,-131.57307,0.886,1087,61,,0.507,0.19
118,House,20952,40,11,VA,100,,,"CONNOLLY, Gerald E. (Gerry)",C001078,1950.0,,-0.308,-0.045,-78.83461,0.92813,1057,32,,-0.35,-0.207
118,House,21191,40,9,VA,200,,,"GRIFFITH, H. Morgan",G000568,1958.0,,0.514,-0.348,-245.76768,0.7857,1019,111,,0.448,-0.272
118,House,21554,40,8,VA,100,,,"BEYER, Donald Sternoff Jr.",B001292,1950.0,,-0.39,-0.101,-74.98573,0.9325,1073,31,,-0.409,-0.217
118,House,21908,40,6,VA,200,,,"CLINE, Benjamin",C001118,1972.0,,0.715,-0.208,-83.52747,0.92662,1096,31,,0.708,-0.241
118,House,21966,40,7,VA,100,,,"SPANBERGER, Abigail",S001209,1979.0,,-0.197,0.31,-108.56138,0.90512,1089,34,,-0.259,0.268
118,House,21983,40,10,VA,100,,,"WEXTON, Jennifer",W000825,1968.0,,-0.384,0.302,-42.1588,0.95473,910,14,,-0.419,0.178
118,House,22120,40,5,VA,200,,,"GOOD, Bob",G000595,1965.0,,0.8,-0.6,-79.03776,0.92905,1074,34,,0.772,-0.636
118,House,22335,40,2,VA,200,,,"KIGGANS, Jennifer",K000399,1971.0,,0.259,0.435,-105.02316,0.90701,1076,34,,0.259,0.435
118,House,22374,40,4,VA,100,,,"MCCLELLAN, Jennifer",M001227,1972.0,,-0.549,0.034,-38.21689,0.96109,963,16,,-0.55,0.03
118,House,39307,40,3,VA,100,,,"SCOTT, Robert C.",S000185,1947.0,,-0.45,-0.003,-75.93652,0.93306,1096,37,,-0.399,-0.33
118,House,20145,73,2,WA,100,,,"LARSEN, Richard Ray (Rick)",L000560,1965.0,,-0.365,0.165,-82.10258,0.92451,1046,32,,-0.321,-0.147
118,House,20535,73,5,WA,200,,,"McMORRIS RODGERS, Cathy",M001159,1969.0,,0.436,0.098,-127.59749,0.88578,1052,55,,0.565,0.288
118,House,21368,73,6,WA,100,,,"KILMER, Derek",K000381,1974.0,,-0.316,0.007,-44.59763,0.95984,1088,11,,-0.393,0.224
118,House,21556,73,4,WA,200,,,"NEWHOUSE, Daniel Milton",N000189,1955.0,,0.318,0.328,-100.51754,0.90879,1051,42,,0.308,0.359
118,House,21726,73,7,WA,100,,,"JAYAPAL, Pramila",J000298,1965.0,,-0.628,-0.542,-44.0585,0.95921,1058,25,,-0.464,-0.781
118,House,21962,73,8,WA,100,,,"SCHRIER, Kim",S001216,1968.0,,-0.284,0.424,-90.81361,0.91985,1087,36,,-0.259,0.376
118,House,22153,73,10,WA,100,,,"STRICKLAND, Marilyn",S001159,1962.0,,-0.454,0.392,-44.84741,0.95929,1079,17,,-0.466,0.395
118,House,22358,73,3,WA,100,,,"PEREZ, Marie Gluesenkamp",G000600,1988.0,,-0.083,0.289,-299.89434,0.75812,1083,108,,-0.083,0.289
118,House,29768,73,9,WA,100,,,"SMITH, Adam",S000510,1965.0,,-0.29,-0.163,-58.03149,0.94778,1082,21,,-0.496,0.097
118,House,31101,73,1,WA,100,,,"DelBENE, Suzan K.",D000617,1962.0,,-0.292,-0.201,-46.63012,0.95823,1093,18,,-0.361,-0.139
118,House,21557,56,2,WV,200,,,"MOONEY, Alex X.",M001195,1971.0,,0.568,-0.24,-77.04335,0.92535,993,27,,0.649,-0.301
118,House,21946,56,1,WV,200,,,"MILLER, Carol",M001205,1950.0,,0.524,0.113,-111.09807,0.90216,1079,51,,0.616,0.154
118,House,20537,25,4,WI,100,,,"MOORE, Gwendolynne S. (Gwen)",M001160,1951.0,,-0.521,-0.272,-57.90441,0.94549,1033,23,,-0.429,-0.46
118,House,21370,25,2,WI,100,,,"POCAN, Mark",P000607,1964.0,,-0.526,-0.559,-38.28852,0.96419,1050,16,,-0.453,-0.588
118,House,21559,25,6,WI,200,,,"GROTHMAN, Glenn",G000576,1955.0,,0.597,-0.204,-159.4653,0.86285,1081,81,,0.633,-0.009
118,House,21720,25,8,WI,200,,,"GALLAGHER, Michael",G000579,1984.0,,0.437,0.033,-108.11404,0.8701,777,41,,0.508,0.193
118,House,21970,25,1,WI,200,,,"STEIL, Bryan",S001213,1981.0,,0.417,0.063,-118.8725,0.89686,1092,46,,0.44,0.138
118,House,21989,25,7,WI,200,,,"TIFFANY, Thomas P.",T000165,1957.0,,0.641,-0.245,-94.42222,0.91665,1085,36,,0.667,-0.274
118,House,22115,25,5,WI,200,,,"FITZGERALD, Scott",F000471,1963.0,,0.6,0.083,-101.38657,0.91141,1093,49,,0.591,-0.004
118,House,22370,25,3,WI,200,,,"VAN ORDEN, Derrick",V000135,1969.0,,0.375,-0.026,-191.54993,0.83567,1067,85,,0.375,-0.026
118,House,22383,25,8,WI,200,,,"WIED, Tony",W000829,,,0.358,-0.497,-4.5758,0.85403,29,3,,0.36,-0.503
118,House,22325,68,1,WY,200,,,"HAGEMAN, Harriet",H001096,1962.0,,0.662,-0.366,-92.73105,0.9175,1077,42,,0.662,-0.366
118,Senate,42102,41,0,AL,200,,,"TUBERVILLE, Thomas Hawley (Tommy)",T000278,1954.0,,0.936,-0.352,-49.48265,0.91942,589,21,,0.866,0.005
118,Senate,42300,41,0,AL,200,,,"BRITT, Katie Elizabeth",B001319,1982.0,,0.565,0.69,-42.39845,0.93188,601,16,,0.565,0.69
118,Senate,40300,81,0,AK,200,,,"MURKOWSKI, Lisa",M001153,1957.0,,0.207,-0.317,-96.95042,0.85459,617,44,,0.174,-0.322
118,Senate,41500,81,0,AK,200,,,"SULLIVAN, Daniel Scott",S001198,1964.0,,0.495,0.099,-165.62095,0.75983,603,72,,0.53,0.215
118,Senate,41905,61,0,AZ,100,,,"KELLY, Mark Edward",K000377,1964.0,,-0.218,0.248,-30.59069,0.95124,612,11,,-0.307,0.112
118,Senate,91300,61,0,AZ,328,,,"SINEMA, Kyrsten",S001191,1976.0,,-0.197,0.4,-60.89766,0.89816,567,19,,-0.197,0.4
118,Senate,20101,42,0,AR,200,,,"BOOZMAN, John",B001236,1950.0,,0.428,0.336,-69.77101,0.89469,627,23,,0.441,0.396
118,Senate,21301,42,0,AR,200,,,"COTTON, Tom",C001095,1977.0,,0.584,0.178,-63.75173,0.9003,607,26,,0.515,0.298
118,Senate,42104,71,0,CA,100,,,"PADILLA, Alejandro (Alex)",P000145,1973.0,,-0.361,-0.346,-21.76294,0.96484,608,7,,-0.304,-0.332
118,Senate,42305,71,0,CA,100,,,"BUTLER, Laphonza Romanique",B001320,1979.0,,-0.447,-0.073,-15.76477,0.95988,385,7,,-0.447,-0.073
118,Senate,49300,71,0,CA,100,,,"FEINSTEIN, Dianne",F000062,1933.0,2023.0,-0.268,-0.184,-4.04146,0.96661,119,1,,-0.432,0.037
118,Senate,40910,62,0,CO,100,,,"BENNET, Michael F.",B001267,1964.0,,-0.232,-0.159,-29.9313,0.95382,633,7,,-0.364,0.17
118,Senate,42101,62,0,CO,100,,,"HICKENLOOPER, John Wright",H000273,1952.0,,-0.245,-0.04,-21.36925,0.96633,624,5,,-0.268,0.045
118,Senate,20707,1,0,CT,100,,,"MURPHY, Christopher",M001169,1973.0,,-0.272,-0.211,-44.48273,0.93214,633,18,,-0.477,-0.266
118,Senate,41101,1,0,CT,100,,,"BLUMENTHAL, Richard",B001277,1946.0,,-0.436,-0.154,-16.03313,0.97499,633,5,,-0.43,0.02
118,Senate,15015,11,0,DE,100,,,"CARPER, Thomas Richard",C000174,1947.0,,-0.179,-0.223,-25.49883,0.96052,633,6,,-0.319,-0.038
118,Senate,40916,11,0,DE,100,,,"COONS, Christopher A.",C001088,1963.0,,-0.233,-0.217,-14.6279,0.97615,606,5,,-0.312,-0.245
118,Senate,41102,43,0,FL,200,,,"RUBIO, Marco",R000595,1971.0,,0.616,-0.185,-87.59782,0.85638,565,41,,0.639,-0.24
118,Senate,41903,43,0,FL,200,,,"SCOTT, Richard Lynn (Rick)",S001217,1952.0,,0.716,-0.019,-82.98746,0.86858,589,34,,0.817,-0.238
118,Senate,42103,44,0,GA,100,,,"OSSOFF, Thomas Jonathan (Jon)",O000174,1987.0,,-0.424,0.408,-23.80414,0.96275,627,8,,-0.361,0.247
118,Senate,42105,44,0,GA,100,,,"WARNOCK, Raphael Gamaliel",W000790,1969.0,,-0.425,0.35,-11.85048,0.98073,609,1,,-0.431,0.117
118,Senate,20713,82,0,HI,100,,,"HIRONO, Mazie",H001042,1947.0,,-0.513,-0.091,-26.20673,0.95957,635,13,,-0.579,-0.067
118,Senate,41112,82,0,HI,100,,,"SCHATZ, Brian Emanuel",S001194,1972.0,,-0.445,-0.09,-13.40102,0.97882,626,3,,-0.445,0.093
118,Senate,29345,63,0,ID,200,,,"CRAPO, Michael Dean",C000880,1951.0,,0.503,0.294,-92.25639,0.85813,603,44,,0.522,0.387
118,Senate,40902,63,0,ID,200,,,"RISCH, James",R000584,1943.0,,0.547,0.396,-79.89252,0.86943,571,36,,0.523,0.413
118,Senate,15021,21,0,IL,100,,,"DURBIN, Richard Joseph",D000563,1944.0,,-0.348,-0.305,-20.50927,0.96589,591,12,,-0.422,-0.262
118,Senate,21325,21,0,IL,100,,,"DUCKWORTH, Tammy",D000622,1968.0,,-0.336,0.092,-13.57868,0.97864,629,4,,-0.374,-0.027
118,Senate,21133,22,0,IN,200,,,"YOUNG, Todd",Y000064,1972.0,,0.438,-0.025,-124.03271,0.82103,629,50,,0.349,0.139
118,Senate,41900,22,0,IN,200,,,"BRAUN, Michael",B001310,1954.0,,0.8,0.6,-94.9502,0.84327,557,45,,0.817,0.251
118,Senate,14226,31,0,IA,200,,,"GRASSLEY, Charles Ernest",G000386,1933.0,,0.361,-0.035,-152.04893,0.78617,632,68,,0.447,-0.098
118,Senate,41502,31,0,IA,200,,,"ERNST, Joni",E000295,1970.0,,0.536,-0.029,-102.78785,0.84256,600,43,,0.512,0.104
118,Senate,21734,32,0,KS,200,,,"MARSHALL, Roger Wayne",M001198,1960.0,,0.606,0.142,-120.2356,0.81841,600,67,,0.701,-0.072
118,Senate,29722,32,0,KS,200,,,"MORAN, Jerry",M000934,1954.0,,0.414,0.218,-90.74568,0.85586,583,48,,0.386,0.196
118,Senate,14921,51,0,KY,200,,,"McCONNELL, Addison Mitchell (Mitch)",M000355,1942.0,,0.404,0.025,-92.94359,0.85716,603,40,,0.377,0.102
118,Senate,41104,51,0,KY,200,,,"PAUL, Rand",P000603,1963.0,,0.891,-0.454,-120.05794,0.82161,611,58,,0.904,-0.427
118,Senate,20919,45,0,LA,200,,,"CASSIDY, Bill",C001075,1957.0,,0.465,-0.052,-142.44844,0.78772,597,63,,0.458,-0.005
118,Senate,41703,45,0,LA,200,,,"KENNEDY, John Neely",K000393,1951.0,,0.56,-0.155,-165.94344,0.76148,609,83,,0.541,-0.321
118,Senate,41300,2,0,ME,328,,,"KING, Angus Stanley, Jr.",K000383,1944.0,,-0.165,-0.19,-35.45453,0.94459,622,14,,-0.239,0.116
118,Senate,49703,2,0,ME,200,,,"COLLINS, Susan Margaret",C001035,1952.0,,0.119,-0.525,-72.49954,0.89242,637,34,,0.153,-0.446
118,Senate,15408,52,0,MD,100,,,"CARDIN, Benjamin Louis",C000141,1943.0,,-0.32,-0.225,-32.32246,0.94912,619,11,,-0.452,-0.086
118,Senate,20330,52,0,MD,100,,,"VAN HOLLEN, Christopher",V000128,1959.0,,-0.393,-0.211,-30.87656,0.95127,618,20,,-0.552,-0.155
118,Senate,14435,3,0,MA,100,,,"MARKEY, Edward John",M000133,1946.0,,-0.515,-0.467,-38.92322,0.93886,617,19,,-0.663,-0.749
118,Senate,41301,3,0,MA,100,,,"WARREN, Elizabeth",W000817,1949.0,,-0.747,-0.348,-25.70051,0.96015,632,12,,-0.701,-0.461
118,Senate,20923,23,0,MI,100,,,"PETERS, Gary C.",P000595,1958.0,,-0.247,-0.182,-19.60467,0.96955,634,6,,-0.255,-0.086
118,Senate,29732,23,0,MI,100,,,"STABENOW, Deborah Ann",S000770,1950.0,,-0.343,-0.016,-14.90687,0.97621,619,5,,-0.323,-0.092
118,Senate,40700,33,0,MN,100,,,"KLOBUCHAR, Amy",K000367,1960.0,,-0.283,-0.348,-23.66968,0.96289,626,9,,-0.244,-0.121
118,Senate,41706,33,0,MN,100,,,"SMITH, Tina",S001203,1958.0,,-0.399,-0.062,-13.8554,0.97794,621,4,,-0.425,-0.05
118,Senate,29534,46,0,MS,200,,,"WICKER, Roger F.",W000437,1951.0,,0.376,0.345,-80.58756,0.87921,626,33,,0.381,0.317
118,Senate,41707,46,0,MS,200,,,"HYDE-SMITH, Cindy",H001079,1959.0,,0.451,0.332,-81.67674,0.87544,614,38,,0.474,0.254
118,Senate,41901,34,0,MO,200,,,"HAWLEY, Joshua David",H001089,1979.0,,0.803,-0.257,-83.39084,0.86757,587,42,,0.96,-0.279
118,Senate,42303,34,0,MO,200,,,"SCHMITT, Eric Stephen",S001227,1975.0,,0.969,-0.027,-49.89066,0.92134,609,26,,0.969,-0.027
118,Senate,21338,64,0,MT,200,,,"DAINES, Steve",D000618,1962.0,,0.591,-0.036,-86.65299,0.86552,600,46,,0.628,-0.042
118,Senate,40702,64,0,MT,100,,,"TESTER, Jon",T000464,1956.0,,-0.213,0.153,-69.23015,0.89321,613,33,,-0.176,0.116
118,Senate,41302,35,0,NE,200,,,"FISCHER, Debra (Deb)",F000463,1951.0,,0.464,0.321,-57.28592,0.91348,633,13,,0.48,0.451
118,Senate,42302,35,0,NE,200,,,"RICKETTS, John Peter (Pete)",R000618,1964.0,,0.438,0.519,-87.42,0.86769,616,32,,0.438,0.519
118,Senate,21743,65,0,NV,100,,,"ROSEN, Jacklyn Sheryl",R000608,1957.0,,-0.286,0.31,-35.24651,0.94601,635,14,,-0.31,0.429
118,Senate,41700,65,0,NV,100,,,"CORTEZ MASTO, Catherine Marie",C001113,1964.0,,-0.358,0.31,-16.01669,0.97482,628,5,,-0.311,0.106
118,Senate,40906,4,0,NH,100,,,"SHAHEEN, Jeanne",S001181,1947.0,,-0.24,-0.127,-20.32908,0.96733,612,7,,-0.367,0.211
118,Senate,41702,4,0,NH,100,,,"HASSAN, Margaret (Maggie)",H001076,1958.0,,-0.235,0.024,-14.65508,0.97704,631,3,,-0.28,0.077
118,Senate,29373,12,0,NJ,100,,,"MENENDEZ, Robert",M000639,1954.0,,-0.366,-0.126,-46.0427,0.90706,472,17,,-0.268,-0.275
118,Senate,41308,12,0,NJ,100,,,"BOOKER, Cory Anthony",B001288,1969.0,,-0.566,-0.291,-34.19417,0.94505,605,17,,-0.38,-0.495
118,Senate,42306,12,0,NJ,100,,,"HELMY, George S.",H001097,1979.0,,-0.347,-0.308,-1.84882,0.97873,86,1,,-0.347,-0.308
118,Senate,20930,66,0,NM,100,,,"HEINRICH, Martin",H001046,1971.0,,-0.332,-0.024,-23.3204,0.96372,631,10,,-0.428,0.002
118,Senate,20932,66,0,NM,100,,,"LUJÁN, Ben Ray",L000570,1972.0,,-0.37,0.014,-24.81263,0.96144,631,12,,-0.435,0.008
118,Senate,14858,13,0,NY,100,,,"SCHUMER, Charles Ellis (Chuck)",S000148,1950.0,,-0.353,-0.418,-50.81248,0.92298,634,16,,-0.203,-0.437
118,Senate,20735,13,0,NY,100,,,"GILLIBRAND, Kirsten",G000555,1966.0,,-0.465,-0.39,-28.72149,0.9553,628,13,,-0.325,-0.118
118,Senate,21708,47,0,NC,200,,,"BUDD, Theodore Paul",B001305,1971.0,,0.633,-0.072,-75.22827,0.88556,619,38,,0.623,-0.037
118,Senate,41504,47,0,NC,200,,,"TILLIS, Thomas Roland (Thom)",T000476,1960.0,,0.387,-0.102,-125.95965,0.80297,574,65,,0.345,-0.084
118,Senate,21350,36,0,ND,200,,,"CRAMER, Kevin",C001096,1961.0,,0.396,0.376,-102.09951,0.83521,567,44,,0.398,0.316
118,Senate,41107,36,0,ND,200,,,"HOEVEN, John",H001061,1957.0,,0.398,0.457,-95.47554,0.85577,613,44,,0.473,0.485
118,Senate,29389,24,0,OH,100,,,"BROWN, Sherrod",B000944,1952.0,,-0.425,-0.097,-62.07206,0.90574,627,23,,-0.233,0.01
118,Senate,42304,24,0,OH,200,,,"VANCE, James David",V000137,1984.0,,0.849,-0.528,-76.36456,0.86068,509,38,,0.849,-0.528
118,Senate,21166,53,0,OK,200,,,"LANKFORD, James",L000575,1968.0,,0.593,0.142,-106.24628,0.84526,632,39,,0.541,0.118
118,Senate,21355,53,0,OK,200,,,"MULLIN, Markwayne",M001190,1977.0,,0.535,0.24,-87.75979,0.86393,600,35,,0.49,0.396
118,Senate,14871,72,0,OR,100,,,"WYDEN, Ronald Lee",W000779,1949.0,,-0.33,-0.484,-33.44704,0.94829,630,16,,-0.349,-0.699
118,Senate,40908,72,0,OR,100,,,"MERKLEY, Jeff",M001176,1956.0,,-0.447,-0.739,-48.4887,0.92477,620,20,,-0.533,-0.707
118,Senate,40703,14,0,PA,100,,,"CASEY, Robert (Bob), Jr.",C001070,1960.0,,-0.313,0.166,-15.57377,0.97515,619,4,,-0.284,0.023
118,Senate,42301,14,0,PA,100,,,"FETTERMAN, John Karl",F000479,1969.0,,-0.312,0.012,-19.57892,0.96145,498,5,,-0.312,0.012
118,Senate,29142,5,0,RI,100,,,"REED, John F. (Jack)",R000122,1949.0,,-0.367,-0.172,-16.6274,0.97424,637,5,,-0.365,-0.129
118,Senate,40704,5,0,RI,100,,,"WHITEHOUSE, Sheldon",W000802,1955.0,,-0.355,-0.086,-15.56959,0.97532,623,3,,-0.383,-0.08
118,Senate,21173,48,0,SC,200,,,"SCOTT, Tim",S001184,1965.0,,0.635,0.002,-52.33984,0.90061,500,13,,0.679,0.071
118,Senate,29566,48,0,SC,200,,,"GRAHAM, Lindsey O.",G000359,1955.0,,0.366,-0.283,-200.71945,0.71686,603,111,,0.316,-0.349
118,Senate,29754,37,0,SD,200,,,"THUNE, John",T000250,1961.0,,0.433,0.229,-82.49564,0.87853,637,34,,0.43,0.477
118,Senate,41505,37,0,SD,200,,,"ROUNDS, Marion Michael (Mike)",R000605,1954.0,,0.348,0.088,-121.76297,0.81743,604,53,,0.29,0.192
118,Senate,20351,54,0,TN,200,,,"BLACKBURN, Marsha",B001243,1952.0,,0.632,0.141,-54.5459,0.91226,594,22,,0.697,0.036
118,Senate,42100,54,0,TN,200,,,"HAGERTY, William Francis (Bill)",H000601,1959.0,,0.684,-0.106,-63.60596,0.89116,552,23,,0.668,-0.018
118,Senate,40305,49,0,TX,200,,,"CORNYN, John",C001056,1952.0,,0.47,-0.066,-101.01424,0.8501,622,42,,0.435,0.06
118,Senate,41304,49,0,TX,200,,,"CRUZ, Rafael Edward (Ted)",C001098,1970.0,,0.784,-0.193,-69.43347,0.88754,582,39,,0.71,-0.09
118,Senate,41110,67,0,UT,200,,,"LEE, Mike",L000577,1971.0,,0.891,-0.454,-75.53809,0.88226,603,50,,0.879,-0.478
118,Senate,41902,67,0,UT,200,,,"ROMNEY, Willard Mitt (Mitt)",R000615,1947.0,,0.283,0.304,-94.95063,0.84606,568,45,,0.259,0.351
118,Senate,20750,6,0,VT,100,,,"WELCH, Peter",W000800,1947.0,,-0.411,-0.379,-33.91596,0.94734,627,20,,-0.524,-0.599
118,Senate,29147,6,0,VT,328,,,"SANDERS, Bernard",S000033,1941.0,,-0.543,-0.419,-119.6585,0.81153,573,45,,-0.782,-0.624
118,Senate,40909,40,0,VA,100,,,"WARNER, Mark",W000805,1954.0,,-0.207,-0.051,-29.45565,0.95353,619,9,,-0.356,0.13
118,Senate,41305,40,0,VA,100,,,"KAINE, Timothy Michael (Tim)",K000384,1958.0,,-0.249,-0.066,-50.87479,0.92277,633,18,,-0.443,0.114
118,Senate,39310,73,0,WA,100,,,"CANTWELL, Maria E.",C000127,1958.0,,-0.305,-0.409,-18.86069,0.97051,630,5,,-0.331,-0.307
118,Senate,49308,73,0,WA,100,,,"MURRAY, Patty",M001111,1950.0,,-0.352,-0.305,-15.27532,0.97586,625,4,,-0.308,-0.301
118,Senate,20146,56,0,WV,200,,,"CAPITO, Shelley Moore",C001047,1953.0,,0.281,0.143,-109.32342,0.83568,609,36,,0.323,0.289
118,Senate,40915,56,0,WV,100,,,"MANCHIN, Joe, III",M001183,1947.0,,-0.057,0.4,-69.44833,0.86209,468,17,,-0.034,0.32
118,Senate,90915,56,0,WV,328,,,"MANCHIN, Joe, III",M001183,1947.0,,-0.066,-0.769,-5.9369,0.93404,87,1,,-0.062,-0.762
118,Senate,29940,25,0,WI,100,,,"BALDWIN, Tammy",B001230,1962.0,,-0.491,-0.137,-35.08885,0.94591,631,16,,-0.32,-0.338
118,Senate,41111,25,0,WI,200,,,"JOHNSON, Ron",J000293,1955.0,,0.639,-0.139,-79.34379,0.87969,619,33,,0.696,-0.054
118,Senate,20953,68,0,WY,200,,,"LUMMIS, Cynthia M.",L000571,1954.0,,0.684,-0.33,-90.55999,0.8614,607,49,,0.641,-0.169
118,Senate,40707,68,0,WY,200,,,"BARRASSO, John A.",B001261,1952.0,,0.538,0.201,-50.58873,0.9083,526,17,,0.551,0.108
